Fecha y Hora de Inicio (dd/MM/aaaa  HH:mm:ss),Fecha y Hora de Finalización (dd/MM/aaaa  HH:mm:ss),"PM10 (ug/m3)
Condición Estándar",Velocidad del Viento (m/s),Dirección del viento (Grados),Temperatura 10cm (°C),Precipitación (mm),Presión atmosférica (mm Hg),Humedad Relativa 10m (%),Radiación Solar Global (W/m2)
01/01/2022 12:00:00 AM,01/01/2022 12:59:59 AM,17.0255392,0.1461538,97.2666667,23.6076923,0,756.1307692,93.948718,0
01/01/2022 01:00:00 AM,01/01/2022 01:59:59 AM,14.8930954,0.35,224.2789474,22.7947368,0,755.6111842,94.4447368,0
01/01/2022 02:00:00 AM,01/01/2022 02:59:59 AM,11.7857413,0.2564103,179.6846154,22.225641,0,755.2923077,95.2589744,0
01/01/2022 03:00:00 AM,01/01/2022 03:59:59 AM,16.259467,0.3923077,206.8487179,22.0897436,0,755.3,95.1384615,0
01/01/2022 04:00:00 AM,01/01/2022 04:59:59 AM,18.612182,0.5368421,270.2789474,21.9473684,0,755.4848684,95.3578947,0
01/01/2022 05:00:00 AM,01/01/2022 05:59:59 AM,16.010036,0.3105263,148.7973684,21.8157895,0,755.8243421,95.3631579,0
01/01/2022 06:00:00 AM,01/01/2022 06:59:59 AM,19.8516474,0.3897436,166.7923077,21.7589744,0,756.1769231,95.574359,8.8564103
01/01/2022 07:00:00 AM,01/01/2022 07:59:59 AM,21.1794653,0.2512821,79.8974359,23.0153846,0,756.8903846,94.6871795,39.0769231
01/01/2022 08:00:00 AM,01/01/2022 08:59:59 AM,25.2235768,0.4368421,148.6526316,26.1078947,0,757.3302632,81.5526316,59.0736842
01/01/2022 09:00:00 AM,01/01/2022 09:59:59 AM,33.5364585,0.4461538,120.6102564,28.2333333,0,757.3307692,73.2205128,72.9230769
01/01/2022 10:00:00 AM,01/01/2022 10:59:59 AM,51.4543458,0.5846154,170.5871795,30.5153846,0,757.2903846,65.2769231,334.5871795
01/01/2022 11:00:00 AM,01/01/2022 11:59:59 AM,61.0705845,0.9,200.8394737,31.6421053,0,756.9868421,62.3605263,533.7947368
01/01/2022 12:00:00 PM,01/01/2022 12:59:59 PM,59.7770911,1.1289474,205.1421053,32.231579,0,756.4618421,61.5368421,741.6710526
01/01/2022 01:00:00 PM,01/01/2022 01:59:59 PM,67.174042,1.1897436,200.5,32.2179487,0,755.8038462,60.2461539,688.3358974
01/01/2022 02:00:00 PM,01/01/2022 02:59:59 PM,64.8690349,0.9026316,205.9026316,32.6,0,755.2184211,56.5842105,559.7605263
01/01/2022 03:00:00 PM,01/01/2022 03:59:59 PM,51.6237672,0.8657895,205.5897436,31.8538462,0,754.8769231,55.0205128,151.8205128
01/01/2022 04:00:00 PM,01/01/2022 04:59:59 PM,30.0923166,0.6974359,207.8666667,31.1358974,0,754.9307692,57.4974359,58.5384615
01/01/2022 05:00:00 PM,01/01/2022 05:59:59 PM,36.9799773,0.3605263,140.8921053,29.95,0,755.1355263,62.8842105,24.1868421
01/01/2022 06:00:00 PM,01/01/2022 06:59:59 PM,40.8560697,0.3578947,203.0526316,28.1842105,0,755.3407895,71.4789474,0.0342105
01/01/2022 07:00:00 PM,01/01/2022 07:59:59 PM,54.9462926,0.7769231,294.1794872,26.9333333,0,755.7980769,79.1717949,0
01/01/2022 08:00:00 PM,01/01/2022 08:59:59 PM,43.2827801,0.8871795,298.4410256,25.8025641,0,756.3288462,86.0179487,0
01/01/2022 09:00:00 PM,01/01/2022 09:59:59 PM,44.9176338,0.8815789,319.1552632,25.6105263,0,756.4519737,87.9342105,0
01/01/2022 10:00:00 PM,01/01/2022 10:59:59 PM,53.1930495,0.4538462,219.3948718,25.025641,0,756.7519231,89.848718,0
01/01/2022 11:00:00 PM,01/01/2022 11:59:59 PM,31.5756754,0.3871795,234.6589744,24.2153846,0,756.6153846,92.3794872,0
01/02/2022 12:00:00 AM,01/02/2022 12:59:59 AM,28.3283126,0.2342105,92.0105263,23.8131579,0,756.3157895,92.4236842,0
01/02/2022 01:00:00 AM,01/02/2022 01:59:59 AM,22.449962,0.3447368,175.8868421,23.1189189,0,755.8638158,93.5105263,0
01/02/2022 02:00:00 AM,01/02/2022 02:59:59 AM,17.143616,0.4948718,227.4615385,22.948718,0,755.4442308,93.9846154,0
01/02/2022 03:00:00 AM,01/02/2022 03:59:59 AM,16.707325,0.4230769,167.9,22.8333333,0,755.4846154,94.3794872,0
01/02/2022 04:00:00 AM,01/02/2022 04:59:59 AM,13.8054408,0.5394737,224.4157895,22.6763158,0,755.7177632,94.3868421,0
01/02/2022 05:00:00 AM,01/02/2022 05:59:59 AM,14.3337404,0.5102564,224.4717949,22.6641026,0,755.9211538,94.7384615,0
01/02/2022 06:00:00 AM,01/02/2022 06:59:59 AM,13.24302,0.174359,131.4230769,22.9512821,0,738.6884615,92.9846154,9.0128205
01/02/2022 07:00:00 AM,01/02/2022 07:59:59 AM,18.5591355,0.3567568,232.7054054,24.7945946,0,757.05,86.872973,39.9891892
01/02/2022 08:00:00 AM,01/02/2022 08:59:59 AM,28.3700731,0.7615385,276.0179487,27.5666667,0,757.7769231,79.7871795,60.1153846
01/02/2022 09:00:00 AM,01/02/2022 09:59:59 AM,30.9136105,0.5410256,131.125641,29.8210526,0,758.0903846,71.9410256,82.9846154
01/02/2022 10:00:00 AM,01/02/2022 10:59:59 AM,33.8250173,0.6538462,186.7512821,31.6615385,0,758.0480769,67.6307692,338.5153846
01/02/2022 11:00:00 AM,01/02/2022 11:59:59 AM,47.66334,1.0131579,197.5789474,31.5921053,0,757.6638158,69.3026316,538.0789474
01/02/2022 12:00:00 PM,01/02/2022 12:59:59 PM,52.7753704,1.3717949,189.0974359,32.1128205,0,757.1923077,69.8282051,751.2435897
01/02/2022 01:00:00 PM,01/02/2022 01:59:59 PM,51.4701284,1.5230769,190.4564103,31.848718,0,756.5942308,70.8179487,695.8564103
01/02/2022 02:00:00 PM,01/02/2022 02:59:59 PM,55.4016429,1.072973,207.3783784,31.7756757,0,756.2229167,70.9675676,573.1054054
01/02/2022 03:00:00 PM,01/02/2022 03:59:59 PM,59.495578,0.9205128,226.2461538,30.5128205,0,756.05,72.8820513,167.9948718
01/02/2022 04:00:00 PM,01/02/2022 04:59:59 PM,45.8987768,0.6307692,189.374359,29.8282051,0,755.9980769,71.3615385,68.1974359
01/02/2022 05:00:00 PM,01/02/2022 05:59:59 PM,45.854809,0.4794872,225.6051282,29.2230769,0,756.2211538,70.7025641,30.3153846
01/02/2022 06:00:00 PM,01/02/2022 06:59:59 PM,68.5563174,0.7868421,312.9921053,27.8342105,0,756.6690789,75.7684211,0.0315789
01/02/2022 07:00:00 PM,01/02/2022 07:59:59 PM,57.0990965,0.8435897,317.9410256,26.7564103,0,757.2076923,82.7641026,0
01/02/2022 08:00:00 PM,01/02/2022 08:59:59 PM,47.5482679,0.8051282,306.6512821,25.9897436,0,757.7576923,87.648718,0
01/02/2022 09:00:00 PM,01/02/2022 09:59:59 PM,37.9319548,0.8216216,314.0486486,25.4810811,0,758.1547297,90.1621622,0
01/02/2022 10:00:00 PM,01/02/2022 10:59:59 PM,40.488905,0.9076923,321.4538462,25.3358974,0,758.3115385,90.0102564,0
01/02/2022 11:00:00 PM,01/02/2022 11:59:59 PM,34.1342742,0.6666667,278.7794872,24.8717949,0,758.2480769,91.5794872,0
01/03/2022 12:00:00 AM,01/03/2022 12:59:59 AM,28.1567771,0.7025641,318.0692308,24.525641,0,758.0403846,92.3333333,0
01/03/2022 01:00:00 AM,01/03/2022 01:59:59 AM,25.9082241,0.8526316,328.6921053,24.2657895,0,757.6776316,93.4763158,0
01/03/2022 02:00:00 AM,01/03/2022 02:59:59 AM,24.254742,0.3948718,200.5358974,24.1435897,0,757.3788462,93.7641026,0
01/03/2022 03:00:00 AM,01/03/2022 03:59:59 AM,22.3776338,0.4641026,284.8641026,23.7974359,0,757.2846154,94.7461539,0
01/03/2022 04:00:00 AM,01/03/2022 04:59:59 AM,24.1014348,0.5052632,268.9894737,23.7026316,0,757.3697368,94.2868421,0
01/03/2022 05:00:00 AM,01/03/2022 05:59:59 AM,22.3081387,0.4052632,218.5236842,22.9842105,0,757.6578947,95.1605263,0
01/03/2022 06:00:00 AM,01/03/2022 06:59:59 AM,27.9547172,0.4897436,271.4974359,22.925641,0,758.0480769,94.6769231,8.9564103
01/03/2022 07:00:00 AM,01/03/2022 07:59:59 AM,38.621636,0.4923077,241.8794872,24.2512821,0,758.6807692,91.1769231,43.574359
01/03/2022 08:00:00 AM,01/03/2022 08:59:59 AM,51.4931788,0.2210526,145.6526316,26.8210526,0,759.1914474,83.3526316,67.3210526
01/03/2022 09:00:00 AM,01/03/2022 09:59:59 AM,93.4230881,0.7641026,276.2384615,28.925641,0,759.2153846,71.4717949,76.3461539
01/03/2022 10:00:00 AM,01/03/2022 10:59:59 AM,71.6030761,0.8282051,310.3692308,31.048718,0,758.9673077,62.3461539,329.9410256
01/03/2022 11:00:00 AM,01/03/2022 11:59:59 AM,57.4207926,0.9351351,221.2702703,33.0783784,0,758.4932432,57.8666667,744.3297297
01/03/2022 04:00:00 PM,01/03/2022 04:59:59 PM,93.0153975,0.7461538,247.3333333,32.1076923,0,755.8153846,57.5358974,69.2461539
01/03/2022 05:00:00 PM,01/03/2022 05:59:59 PM,69.2139862,0.6567568,269.5162162,30.5648649,0,756.0932432,60.472973,25.8864865
01/03/2022 06:00:00 PM,01/03/2022 06:59:59 PM,96.5370854,1.4897436,316.4564103,28.2692308,0,756.3711538,71.4820513,0.0538462
01/03/2022 07:00:00 PM,01/03/2022 07:59:59 PM,63.9211345,2.0923077,313.4153846,26.5897436,0,756.9230769,79.4974359,0
01/03/2022 08:00:00 PM,01/03/2022 08:59:59 PM,38.5587636,1.9684211,314.1526316,25.8552632,0,757.4309211,82.8263158,0
01/03/2022 09:00:00 PM,01/03/2022 09:59:59 PM,36.3742808,1.325641,337.8948718,25.3871795,0,757.7519231,84.5282051,0
01/03/2022 10:00:00 PM,01/03/2022 10:59:59 PM,42.6013596,0.5512821,189.6564103,24.9153846,0,757.7326923,86.0307692,0
01/03/2022 11:00:00 PM,01/03/2022 11:59:59 PM,47.6922487,0.6105263,300.2105263,24.5368421,0,757.5236842,87.1473684,0
01/04/2022 12:00:00 AM,01/04/2022 12:59:59 AM,38.4657826,0.85,326.5236842,24.1210526,0,757.0460526,87.7447368,0
01/04/2022 01:00:00 AM,01/04/2022 01:59:59 AM,40.2266699,0.525641,257.7717949,23.7333333,0,756.4211538,89.2897436,0
01/04/2022 02:00:00 AM,01/04/2022 02:59:59 AM,22.4348859,0.5641026,307.2641026,23.4717949,0,756.0365385,91.5717949,0
01/04/2022 03:00:00 AM,01/04/2022 03:59:59 AM,25.9736903,0.6,275.4763158,23.3868421,0,756.0592105,92.531579,0
01/04/2022 04:00:00 AM,01/04/2022 04:59:59 AM,19.8999871,0.8512821,310.874359,23.7128205,0,756.3634615,90.548718,0
01/04/2022 05:00:00 AM,01/04/2022 05:59:59 AM,21.3488285,0.6025641,308.5666667,23.5282051,0,756.6826923,90.1358974,0
01/04/2022 06:00:00 AM,01/04/2022 06:59:59 AM,25.5802559,0.5871795,298.8974359,22.925641,0,757.1,92.0641026,9.974359
01/04/2022 07:00:00 AM,01/04/2022 07:59:59 AM,34.1341913,0.9324324,329.5108108,24.1648649,0,757.8628378,87.4783784,44.4486487
01/04/2022 08:00:00 AM,01/04/2022 08:59:59 AM,40.703951,1.0487179,318.5897436,26.2230769,0,758.3269231,79.2666667,63.0897436
01/04/2022 09:00:00 AM,01/04/2022 09:59:59 AM,43.4103467,0.6025641,272.8205128,28.1410256,0,758.3711538,73.8615385,72.6384615
01/04/2022 10:00:00 AM,01/04/2022 10:59:59 AM,90.5775033,0.6342105,171.4894737,30.5736842,0,758.1039474,66.2657895,327.3026316
01/04/2022 11:00:00 AM,01/04/2022 11:59:59 AM,83.8391953,0.9230769,194.8461538,31.7641026,0,757.7269231,61.9205128,544.525641
01/04/2022 12:00:00 PM,01/04/2022 12:59:59 PM,86.5027384,1.3435897,203.0794872,32.0717949,0,757.0423077,62.1307692,654.5230769
01/04/2022 01:00:00 PM,01/04/2022 01:59:59 PM,68.0826694,1.0105263,217.8552632,32.7473684,0,756.3335526,59.6131579,698.6342105
01/04/2022 02:00:00 PM,01/04/2022 02:59:59 PM,81.2102848,1.3789474,209.4973684,32.1026316,0,755.6348684,59.8131579,565.5815789
01/04/2022 03:00:00 PM,01/04/2022 03:59:59 PM,58.6010286,0.9,226.2846154,31.7871795,0,755.1480769,60.4846154,174.8820513
01/04/2022 04:00:00 PM,01/04/2022 04:59:59 PM,53.8735532,1.0179487,292.3128205,30.7025641,0,754.9980769,64.2435897,74.3102564
01/04/2022 05:00:00 PM,01/04/2022 05:59:59 PM,54.7952907,1.7815789,306.4894737,28.0710526,0,755.3940789,73.681579,28.4710526
01/04/2022 06:00:00 PM,01/04/2022 06:59:59 PM,57.4696118,2.0307692,312.0230769,26.6051282,0,755.9269231,79.9538462,0.1512821
01/04/2022 07:00:00 PM,01/04/2022 07:59:59 PM,36.4904096,2.1769231,315.1487179,26.2153846,0,756.4442308,79.425641,0
01/04/2022 08:00:00 PM,01/04/2022 08:59:59 PM,29.7529237,1.9641026,320.6282051,26.0051282,0,756.9903846,78.2769231,0
01/04/2022 09:00:00 PM,01/04/2022 09:59:59 PM,28.6419126,1.7783784,319.7540541,25.527027,0,757.2202703,79.672973,0
01/04/2022 10:00:00 PM,01/04/2022 10:59:59 PM,33.081406,1.4641026,315.4923077,24.7538462,0,757.0980769,82.6717949,0
01/05/2022 12:00:00 AM,01/05/2022 12:59:59 AM,31.3995822,1.5973684,315.9526316,24.1368421,0,756.2703947,87.4236842,0
01/05/2022 01:00:00 AM,01/05/2022 01:59:59 AM,22.9001529,0.5076923,104.8076923,23.6,0,755.8038462,89.3846154,0
01/05/2022 02:00:00 AM,01/05/2022 02:59:59 AM,18.37683,0.0512821,20.9871795,22.8,0,755.2442308,92.9897436,0
01/05/2022 03:00:00 AM,01/05/2022 03:59:59 AM,17.0861457,0.0157895,0.3263158,22.3473684,0,736.9973684,93.7684211,0
01/05/2022 04:00:00 AM,01/05/2022 04:59:59 AM,22.9807922,0.05,20.381579,21.8684211,0,755.1809211,94.8657895,0
01/05/2022 05:00:00 AM,01/05/2022 05:59:59 AM,26.5917954,0.374359,181.1,21.9307692,0,755.4596154,94.2025641,0
01/05/2022 06:00:00 AM,01/05/2022 06:59:59 AM,27.3296622,0.4974359,208.2076923,21.6179487,0,755.9057692,94.474359,8.0846154
01/05/2022 07:00:00 AM,01/05/2022 07:59:59 AM,47.8166044,0.5076923,271.1538462,22.8871795,0,756.5557692,91.2384615,41.1820513
01/05/2022 08:00:00 AM,01/05/2022 08:59:59 AM,54.5916145,0.3657895,120.9263158,25.9131579,0,756.9828947,78.7552632,63.8789474
01/05/2022 09:00:00 AM,01/05/2022 09:59:59 AM,37.8664271,0.4076923,154.8666667,28.248718,0,757.0365385,71.8769231,75.3871795
01/05/2022 10:00:00 AM,01/05/2022 10:59:59 AM,62.6898522,0.7128205,191.7,30.1846154,0,756.8846154,66.5538462,335.5589744
01/05/2022 12:00:00 PM,01/05/2022 12:59:59 PM,106.7176641,1.3923077,189.4666667,31.6846154,0,755.9653846,62.0846154,762.1871795
01/05/2022 01:00:00 PM,01/05/2022 01:59:59 PM,96.4582288,1.3717949,195.6589744,32.3512821,0,755.0461538,59.7641026,694.0794872
01/05/2022 02:00:00 PM,01/05/2022 02:59:59 PM,99.6890971,0.6897436,258.1102564,33.4692308,0,754.3076923,55.7333333,466.6128205
01/05/2022 03:00:00 PM,01/05/2022 03:59:59 PM,85.7733306,1.2473684,303.2368421,32.4157895,0,753.9453947,56.7894737,174.0236842
01/05/2022 04:00:00 PM,01/05/2022 04:59:59 PM,71.2537291,1.3128205,301.8897436,30.9641026,0,754.0769231,61.048718,63.6025641
01/05/2022 05:00:00 PM,01/05/2022 05:59:59 PM,81.9221538,1.7131579,312.6526316,28.8184211,0,734.8717105,68.8052632,27.0605263
01/05/2022 06:00:00 PM,01/05/2022 06:59:59 PM,72.6138844,2.2297297,314.6236842,26.7289474,0,754.7230263,77.5473684,0.0868421
01/05/2022 07:00:00 PM,01/05/2022 07:59:59 PM,47.0548428,1.925641,315.8948718,25.6333333,0,755.3538462,81.9435897,0
01/05/2022 08:00:00 PM,01/05/2022 08:59:59 PM,32.1558206,1.9315789,313.9394737,25.1210526,0,755.8203947,83.1236842,0
01/05/2022 09:00:00 PM,01/05/2022 09:59:59 PM,37.79761,1.5717949,317.3923077,24.6205128,0,756.2326923,84.3923077,0
01/05/2022 10:00:00 PM,01/05/2022 10:59:59 PM,43.3210204,1.7871795,313.6102564,24.2564103,0,756.1634615,85.9153846,0
01/05/2022 11:00:00 PM,01/05/2022 11:59:59 PM,34.0148092,1.5789474,315.55,23.8631579,0,755.9092105,86.65,0
01/06/2022 12:00:00 AM,01/06/2022 12:59:59 AM,61.1739387,0.3078947,78.8394737,23.35,0,755.85,87.5026316,0
01/06/2022 01:00:00 AM,01/06/2022 01:59:59 AM,19.3688814,0.1897436,101.9871795,22.4461539,0,755.4923077,90.074359,0
01/06/2022 02:00:00 AM,01/06/2022 02:59:59 AM,24.5983798,0.2153846,62.9512821,21.6846154,0,755,91.5025641,0
01/06/2022 03:00:00 AM,01/06/2022 03:59:59 AM,41.1558513,0.374359,199.8410256,21.2384615,0,754.825,92.3846154,0
01/06/2022 04:00:00 AM,01/06/2022 04:59:59 AM,32.3010682,0.3342105,205.4236842,21.0078947,0,755.1197368,92.5736842,0
01/06/2022 05:00:00 AM,01/06/2022 05:59:59 AM,23.9835148,0.425641,262.6666667,20.7025641,0,755.4692308,92.5,0
01/06/2022 06:00:00 AM,01/06/2022 06:59:59 AM,25.2753825,0.4307692,258.5461538,20.4564103,0,755.8288462,91.5102564,8.5897436
01/06/2022 07:00:00 AM,01/06/2022 07:59:59 AM,42.3495693,0.3736842,165.7342105,22.3184211,0,756.4638158,90.4052632,38.9447368
01/06/2022 08:00:00 AM,01/06/2022 08:59:59 AM,58.1777154,0.3368421,125.8789474,26.2921053,0,757.0342105,76.4421053,54.2105263
01/06/2022 09:00:00 AM,01/06/2022 09:59:59 AM,50.8285284,0.6410256,221.7564103,28.5282051,0,757.3673077,68.6461539,64.5461539
01/06/2022 10:00:00 AM,01/06/2022 10:59:59 AM,80.795905,0.5717949,162.5128205,30.1179487,0,757.2596154,64.825641,297.7461538
01/06/2022 12:00:00 PM,01/06/2022 12:59:59 PM,102.2530381,1.0578947,198.1447368,31.7868421,0,756.2526316,59.6526316,731.9947368
01/06/2022 01:00:00 PM,01/06/2022 01:59:59 PM,77.7370362,1.2102564,191.274359,32.2102564,0,755.5365385,59.3051282,697.2384615
01/06/2022 02:00:00 PM,01/06/2022 02:59:59 PM,67.4925055,0.9589744,195.8358974,32.8947368,0,754.9461538,55.7769231,589.8769231
01/06/2022 03:00:00 PM,01/06/2022 03:59:59 PM,75.091381,0.6868421,249.2263158,32.5394737,0,754.6875,54.0657895,156.1157895
01/06/2022 04:00:00 PM,01/06/2022 04:59:59 PM,69.9190637,0.5605263,232.2815789,30.9631579,0,754.8236842,60.8763158,69.5131579
01/06/2022 05:00:00 PM,01/06/2022 05:59:59 PM,65.1074308,0.9461538,260.6666667,28.6842105,0,755.1730769,70.7512821,28.1564103
01/06/2022 06:00:00 PM,01/06/2022 06:59:59 PM,75.6538759,1.5,308.9076923,26.4948718,0,755.5769231,80.6692308,0.0897436
01/06/2022 07:00:00 PM,01/06/2022 07:59:59 PM,52.8185538,1.9102564,313.2179487,25.6051282,0,755.9788462,84.9051282,0
01/06/2022 08:00:00 PM,01/06/2022 08:59:59 PM,30.5138796,2.1026316,312.2236842,25.0236842,0,756.3453947,88.2710526,0
01/06/2022 09:00:00 PM,01/06/2022 09:59:59 PM,30.6222741,1.4615385,311.725641,24.3564103,0,756.6673077,91.0564103,0
01/06/2022 10:00:00 PM,01/06/2022 10:59:59 PM,31.9979101,0.5230769,189.0820513,24.0384615,0,756.5692308,91.6820513,0
01/06/2022 11:00:00 PM,01/06/2022 11:59:59 PM,34.8693623,0.0918919,19.1135135,23.4621622,0,756.3567568,93.1189189,0
01/07/2022 12:00:00 AM,01/07/2022 12:59:59 AM,23.8733187,0.1153846,43.6717949,23.0948718,0,756.2807692,93.5769231,0
01/07/2022 01:00:00 AM,01/07/2022 01:59:59 AM,24.0928784,0.4871795,195.6384615,22.5282051,0,755.9538462,93.6025641,0
01/07/2022 02:00:00 AM,01/07/2022 02:59:59 AM,16.5054284,0.1736842,76.6,22.1868421,0,755.5776316,94.0421053,0
01/07/2022 03:00:00 AM,01/07/2022 03:59:59 AM,17.4500439,0.3051282,119.8923077,21.6128205,0,755.4923077,94.6974359,0
01/07/2022 04:00:00 AM,01/07/2022 04:59:59 AM,13.0564347,0.4923077,210.6897436,21.5076923,0,755.7826923,94.8948718,0
01/07/2022 05:00:00 AM,01/07/2022 05:59:59 AM,14.5327188,0.5897436,294.4205128,21.3358974,0,756.2865385,94.9923077,0
01/07/2022 06:00:00 AM,01/07/2022 06:59:59 AM,20.0585766,0.3210526,182.5447368,21.5921053,0,757.2118421,95.7552632,11.8210526
01/07/2022 07:00:00 AM,01/07/2022 07:59:59 AM,25.3871453,0.3921053,115.2394737,23.6289474,0,758.0407895,93.1105263,55.8236842
01/07/2022 08:00:00 AM,01/07/2022 08:59:59 AM,31.9492068,0.5948718,202.2230769,25.6512821,0,758.5884615,86.0076923,64.2051282
01/07/2022 09:00:00 AM,01/07/2022 09:59:59 AM,41.9341695,0.8230769,306.2666667,27.9871795,0,758.6346154,74.974359,70.0102564
01/07/2022 10:00:00 AM,01/07/2022 10:59:59 AM,49.5049408,0.7394737,174.6342105,30.2210526,0,758.3585526,63.8105263,301.2368421
01/07/2022 11:00:00 AM,01/07/2022 11:59:59 AM,53.9635246,1.0179487,205.4871795,32.4128205,0,758.1057692,59.6538462,742.7102564
01/07/2022 01:00:00 PM,01/07/2022 01:59:59 PM,58.1956278,1.6394737,195.0789474,31.6263158,0,756.9394737,62.7447368,676.6
01/07/2022 02:00:00 PM,01/07/2022 02:59:59 PM,105.700273,1.3076923,188.3564103,31.3641026,0,756.5480769,62.5461539,539.5641026
01/07/2022 03:00:00 PM,01/07/2022 03:59:59 PM,88.2667849,1.1179487,202.8820513,30.6333333,0,756.4557692,62.8102564,159.7846154
01/07/2022 04:00:00 PM,01/07/2022 04:59:59 PM,70.4467359,0.6,231.0868421,30.4131579,0,756.5072368,63.0105263,65.1894737
01/07/2022 05:00:00 PM,01/07/2022 05:59:59 PM,66.0144109,0.7974359,294.0820513,29.1589744,0,756.7461538,64.9717949,27.0769231
01/07/2022 06:00:00 PM,01/07/2022 06:59:59 PM,74.5440345,1.4538462,313.9794872,27.274359,0,757.1980769,73.2948718,0.0666667
01/07/2022 07:00:00 PM,01/07/2022 07:59:59 PM,47.6478835,1.7526316,313.4052632,25.9236842,0,757.7684211,81.731579,0
01/07/2022 08:00:00 PM,01/07/2022 08:59:59 PM,33.791656,1.6447368,316.2026316,25.3657895,0,758.4,83.9131579,0
01/07/2022 09:00:00 PM,01/07/2022 09:59:59 PM,32.887168,0.8846154,329.3333333,24.9717949,0,758.7923077,86.6076923,0
01/07/2022 10:00:00 PM,01/07/2022 10:59:59 PM,46.697824,1.2179487,312.7512821,24.4564103,0,758.675,89.7102564,0
01/07/2022 11:00:00 PM,01/07/2022 11:59:59 PM,25.876265,1.3868421,311.0605263,24.6421053,0,758.4592105,90.1710526,0
01/08/2022 12:00:00 AM,01/08/2022 12:59:59 AM,41.8244092,0.7717949,278.8589744,24.5,0,758.1884615,90.5769231,0
01/08/2022 01:00:00 AM,01/08/2022 01:59:59 AM,36.2526101,0.9487179,313.9230769,24.2410256,0,757.7942308,91.2461539,0
01/08/2022 02:00:00 AM,01/08/2022 02:59:59 AM,33.5124326,0.7421053,294.1947368,24.4184211,0,757.3796053,90.1894737,0
01/08/2022 03:00:00 AM,01/08/2022 03:59:59 AM,28.3009204,0.0815789,19.3,23.9263158,0,757.2177632,91.8342105,0
01/08/2022 04:00:00 AM,01/08/2022 04:59:59 AM,19.3390741,0.1820513,132.6794872,23.2461539,0,757.2615385,93.874359,0
01/08/2022 05:00:00 AM,01/08/2022 05:59:59 AM,21.7427405,0.7435897,329.4153846,23.7153846,0,757.5461538,92.5307692,0.2974359
01/08/2022 06:00:00 AM,01/08/2022 06:59:59 AM,33.2356679,0.5078947,237.0605263,23.8157895,0,758.1947368,91.3473684,17.1052632
01/08/2022 07:00:00 AM,01/08/2022 07:59:59 AM,40.5205837,0.9179487,312.5615385,25.8461539,0,758.8903846,83.374359,92.448718
01/08/2022 08:00:00 AM,01/08/2022 08:59:59 AM,50.1052753,0.7205128,291.1102564,27.6769231,0,759.4538462,75.6102564,144.474359
01/08/2022 09:00:00 AM,01/08/2022 09:59:59 AM,44.7370731,0.9,230.6894737,29.2078947,0,759.7835526,67.6657895,204.3
01/08/2022 10:00:00 AM,01/08/2022 10:59:59 AM,46.1392473,1.55,328.9210526,30.5263158,0,759.6394737,61.3263158,366.0815789
01/08/2022 11:00:00 AM,01/08/2022 11:59:59 AM,41.3803709,0.9948718,258.9666667,32.9871795,0,759.3,54.0948718,746.6923077
01/08/2022 12:00:00 PM,01/08/2022 12:59:59 PM,64.4021129,1.225641,193.7487179,32.9076923,0,758.8788462,59.9820513,648.1769231
01/08/2022 03:00:00 PM,01/08/2022 03:59:59 PM,90.8626905,0.6666667,249.4102564,30.7717949,0,757.5634615,64.5538462,204.0179487
01/08/2022 04:00:00 PM,01/08/2022 04:59:59 PM,70.9164768,0.9078947,277.6789474,29.9421053,0,757.5671053,65.9289474,149.3157895
01/08/2022 05:00:00 PM,01/08/2022 05:59:59 PM,59.3852393,1.0578947,295.7052632,28.3421053,0,757.7348684,70.6289474,30.6684211
01/08/2022 06:00:00 PM,01/08/2022 06:59:59 PM,71.3255022,1.5666667,315.074359,27.1051282,0,757.9903846,77.6769231,0.1282051
01/08/2022 07:00:00 PM,01/08/2022 07:59:59 PM,47.8029732,1.5820513,313.0051282,26.2692308,0,758.5903846,81.5692308,0
01/08/2022 08:00:00 PM,01/08/2022 08:59:59 PM,41.1930635,1.8710526,313.6947368,25.7236842,0,759.0651316,82.2973684,0
01/08/2022 09:00:00 PM,01/08/2022 09:59:59 PM,31.6224231,2.0179487,315.3333333,25.5512821,0,759.3557692,84.448718,0
01/08/2022 10:00:00 PM,01/08/2022 10:59:59 PM,30.5151107,1.974359,311.125641,25.3820513,0,759.3403846,86.2333333,0
01/08/2022 11:00:00 PM,01/08/2022 11:59:59 PM,27.1231622,1.2315789,327.4184211,25.1842105,0,759.1657895,87.7973684,0
01/09/2022 12:00:00 AM,01/09/2022 12:59:59 AM,30.8498486,0.7263158,331.9,24.3421053,0,758.8223684,90.8236842,0
01/09/2022 01:00:00 AM,01/09/2022 01:59:59 AM,25.3068836,0.4564103,218.1794872,23.8076923,0,758.4,91.8461539,0
01/09/2022 02:00:00 AM,01/09/2022 02:59:59 AM,29.7063866,0.525641,217.8076923,23.1051282,0,757.9557692,93.425641,0
01/09/2022 03:00:00 AM,01/09/2022 03:59:59 AM,25.414217,0.6236842,288.3921053,22.5210526,0,757.8769737,94.3921053,0
01/09/2022 04:00:00 AM,01/09/2022 04:59:59 AM,26.41097,0.4051282,204.8025641,22.125641,0,757.8884615,95.0333333,0
01/09/2022 05:00:00 AM,01/09/2022 05:59:59 AM,23.5311856,0.4282051,189.4025641,22.1282051,0,758.1307692,94.5717949,0
01/09/2022 06:00:00 AM,01/09/2022 06:59:59 AM,24.6089453,0.1052632,48.6526316,21.8,0,758.5598684,94.6105263,8.0894737
01/09/2022 07:00:00 AM,01/09/2022 07:59:59 AM,45.7747505,0.3815789,223.2973684,23.1157895,0,759.2486842,91.8894737,44.181579
01/09/2022 08:00:00 AM,01/09/2022 08:59:59 AM,48.7546432,0.3,145.1333333,26.2076923,0,759.8423077,78.0307692,63.6384615
01/09/2022 09:00:00 AM,01/09/2022 09:59:59 AM,37.5044192,0.5692308,215.4717949,28.8076923,0,759.9326923,69.0947368,75.325641
01/09/2022 10:00:00 AM,01/09/2022 10:59:59 AM,49.7213441,0.6578947,205.9447368,30.7921053,0,759.7105263,64.9921053,323.6736842
01/09/2022 11:00:00 AM,01/09/2022 11:59:59 AM,74.4488724,1.0128205,212.1564103,31.2230769,0,759.4307692,62.5769231,698.2282051
01/09/2022 12:00:00 PM,01/09/2022 12:59:59 PM,63.8520558,1.1179487,197.1923077,31.6974359,0,758.6730769,59.3717949,710.6615385
01/09/2022 01:00:00 PM,01/09/2022 01:59:59 PM,53.7771793,1.0783784,210.3621622,32.4324324,0,757.7513514,57.3594595,682.7162162
01/09/2022 02:00:00 PM,01/09/2022 02:59:59 PM,51.8596206,1.0076923,215.9538462,32.6615385,0,756.9788462,52.8128205,573.474359
01/09/2022 03:00:00 PM,01/09/2022 03:59:59 PM,38.2276632,0.7820513,196.5051282,32.3974359,0,756.2961538,51.4128205,158.6820513
01/09/2022 04:00:00 PM,01/09/2022 04:59:59 PM,31.9180133,0.6078947,248.5447368,31.3605263,0,756.1401316,57.5894737,64.5631579
01/09/2022 05:00:00 PM,01/09/2022 05:59:59 PM,37.127716,0.9923077,293.8179487,29.3589744,0,756.3903846,65.5205128,33.0897436
01/09/2022 06:00:00 PM,01/09/2022 06:59:59 PM,46.5914691,1.3589744,315.5846154,27.3897436,0,756.5519231,75.0846154,0.274359
01/09/2022 07:00:00 PM,01/09/2022 07:59:59 PM,43.1706174,1.4921053,311.1052632,26.2710526,0,757.0993421,81.3,0
01/09/2022 08:00:00 PM,01/09/2022 08:59:59 PM,34.493819,1.1184211,316.0815789,25.35,0,757.5394737,85.0921053,0
01/09/2022 09:00:00 PM,01/09/2022 09:59:59 PM,33.4212522,0.5769231,280.6717949,24.8666667,0,757.8519231,86.3435897,0
01/09/2022 10:00:00 PM,01/09/2022 10:59:59 PM,36.8696849,0.5384615,246.9435897,24.525641,0,757.8173077,86.9564103,0
01/09/2022 11:00:00 PM,01/09/2022 11:59:59 PM,33.4326195,0.3421053,166.3631579,23.8210526,0,757.7111842,88.6105263,0
01/10/2022 12:00:00 AM,01/10/2022 12:59:59 AM,23.4346135,0.3564103,146.074359,23.2307692,0,757.3423077,89.874359,0
01/10/2022 01:00:00 AM,01/10/2022 01:59:59 AM,23.7560256,0.3051282,92.374359,22.7846154,0,756.8480769,91.0564103,0
01/10/2022 02:00:00 AM,01/10/2022 02:59:59 AM,19.3432334,0.5846154,246.0923077,22.3666667,0,756.5461538,92.2358974,0
01/10/2022 03:00:00 AM,01/10/2022 03:59:59 AM,13.6077099,0.072973,40.6135135,22.1297297,0,756.372973,93.1108108,0
01/10/2022 04:00:00 AM,01/10/2022 04:59:59 AM,15.9311367,0.3230769,186.4333333,21.9589744,0,756.6346154,93.5820513,0
01/10/2022 05:00:00 AM,01/10/2022 05:59:59 AM,18.814402,0.325641,198.3051282,22.0435897,0,756.9711538,92.2897436,0
01/10/2022 06:00:00 AM,01/10/2022 06:59:59 AM,21.4068544,0.425641,240.7076923,22.0384615,0,757.5653846,91.8564103,8.2538462
01/10/2022 07:00:00 AM,01/10/2022 07:59:59 AM,33.099945,0.5236842,307.7184211,23.7026316,0,758.4690789,86.531579,46.5026316
01/10/2022 08:00:00 AM,01/10/2022 08:59:59 AM,56.6509409,0.6820513,243.1641026,26.6794872,0,759.1538462,74.0666667,77.2897436
01/10/2022 09:00:00 AM,01/10/2022 09:59:59 AM,50.8198174,0.5282051,259.3307692,28.9657895,0,759.2230769,64.974359,158.1948718
01/10/2022 10:00:00 AM,01/10/2022 10:59:59 AM,46.6751141,0.4578947,180.9105263,30.7657895,0,759.1065789,62.3973684,308.4789474
01/10/2022 11:00:00 AM,01/10/2022 11:59:59 AM,63.1446524,0.7078947,194.3789474,30.8289474,0,758.8381579,62.4157895,460.1394737
01/10/2022 12:00:00 PM,01/10/2022 12:59:59 PM,87.5615804,1.0717949,209.4230769,31.8717949,0,758.3,59.0461539,741.7846154
01/10/2022 01:00:00 PM,01/10/2022 01:59:59 PM,56.9079503,1.1384615,201.9025641,31.5153846,0,757.5307692,60.2974359,609.3717949
01/10/2022 02:00:00 PM,01/10/2022 02:59:59 PM,51.8358962,0.8657895,177.2447368,30.931579,0,756.9315789,60.75,452.0447368
01/10/2022 03:00:00 PM,01/10/2022 03:59:59 PM,37.7077349,0.674359,216.0897436,30.1179487,0,756.5519231,62.0025641,219.1794872
01/10/2022 04:00:00 PM,01/10/2022 04:59:59 PM,38.546793,0.6051282,276.2641026,29.5410256,0,756.6307692,64.1512821,115.8794872
01/10/2022 05:00:00 PM,01/10/2022 05:59:59 PM,31.9752498,0.7894737,286.1447368,28.4,0,756.9355263,67.6526316,33.5842105
01/10/2022 06:00:00 PM,01/10/2022 06:59:59 PM,43.1479107,1.4605263,308.2131579,26.9236842,0,757.2236842,74.8,0.0394737
01/10/2022 07:00:00 PM,01/10/2022 07:59:59 PM,39.0872514,2.3589744,311.4205128,25.7820513,0,757.5192308,80.1974359,0
01/10/2022 08:00:00 PM,01/10/2022 08:59:59 PM,21.1637474,2.3923077,312.4461538,25.374359,0,758.0442308,83.2820513,0
01/10/2022 09:00:00 PM,01/10/2022 09:59:59 PM,18.1413752,2.0526316,312.6973684,25.2289474,0,758.3013158,84.631579,0
01/10/2022 10:00:00 PM,01/10/2022 10:59:59 PM,15.9449149,1.9128205,313.125641,25.0846154,0,758.4134615,85.7794872,0
01/10/2022 11:00:00 PM,01/10/2022 11:59:59 PM,15.4994456,1.6923077,312.1769231,24.9230769,0,758.1942308,86.5205128,0
01/11/2022 12:00:00 AM,01/11/2022 12:59:59 AM,15.5276486,1.5189189,310.7918919,24.7108108,0,757.7939189,87.9972973,0
01/11/2022 01:00:00 AM,01/11/2022 01:59:59 AM,16.4663687,1.1769231,311.3179487,24.5051282,0,757.2788462,89.725641,0
01/11/2022 02:00:00 AM,01/11/2022 02:59:59 AM,17.9522636,1.0076923,313.0102564,24.0538462,0,756.8192308,91.948718,0
01/11/2022 03:00:00 AM,01/11/2022 03:59:59 AM,18.4111692,0.2358974,121.5333333,23.8205128,0,756.8269231,92.9692308,0
01/11/2022 04:00:00 AM,01/11/2022 04:59:59 AM,19.4062447,0.3973684,229.9684211,23.7078947,0,757.0401316,93.2342105,0
01/11/2022 05:00:00 AM,01/11/2022 05:59:59 AM,17.5097073,0.6410256,333.2179487,23.4897436,0,757.4288462,93.174359,0
01/11/2022 06:00:00 AM,01/11/2022 06:59:59 AM,21.2894337,0.1447368,93.3394737,23.1921053,0,757.8907895,93.2973684,10.5631579
01/11/2022 07:00:00 AM,01/11/2022 07:59:59 AM,35.802152,0.3368421,167.0868421,24.2210526,0,758.7453947,89.8421053,72.2736842
01/11/2022 08:00:00 AM,01/11/2022 08:59:59 AM,35.1845566,1.0846154,328.0102564,26.2,0,759.2480769,81.5615385,146.0025641
01/11/2022 09:00:00 AM,01/11/2022 09:59:59 AM,22.9369418,0.6230769,229.6282051,27.9948718,0,759.375,74.025641,196.4051282
01/11/2022 10:00:00 AM,01/11/2022 10:59:59 AM,25.7233328,0.7684211,200.1052632,29.881579,0,759.225,64.8921053,360.8868421
01/11/2022 11:00:00 AM,01/11/2022 11:59:59 AM,30.8918533,0.7512821,229.7820513,31.5948718,0,758.7788462,61.2692308,578.3769231
01/11/2022 12:00:00 PM,01/11/2022 12:59:59 PM,51.7056956,0.9435897,212.974359,31.748718,0,758.1865385,63.8230769,612.6974359
01/11/2022 01:00:00 PM,01/11/2022 01:59:59 PM,61.0629249,1.0263158,184.4368421,31.3289474,0,757.5335526,64.7657895,549.7105263
01/11/2022 02:00:00 PM,01/11/2022 02:59:59 PM,71.699647,0.8447368,208.2210526,31.5052632,0,757.0006579,63.4973684,501.5105263
01/11/2022 03:00:00 PM,01/11/2022 03:59:59 PM,62.7314345,0.8153846,221.325641,31.9333333,0,756.6903846,61.5692308,194.4538462
01/11/2022 04:00:00 PM,01/11/2022 04:59:59 PM,61.4509951,0.8128205,278.6102564,30.8384615,0,756.7692308,63.5410256,72.1948718
01/11/2022 05:00:00 PM,01/11/2022 05:59:59 PM,50.2954109,1.3736842,298.6789474,28.7368421,0,757.1447368,68.1394737,21.6894737
01/11/2022 06:00:00 PM,01/11/2022 06:59:59 PM,43.6308313,1.6333333,313.1641026,26.6948718,0,757.5942308,76.5820513,0.1461538
01/11/2022 07:00:00 PM,01/11/2022 07:59:59 PM,28.5345259,1.5794872,312.874359,25.9769231,0,758.1865385,81.3948718,0
01/11/2022 08:00:00 PM,01/11/2022 08:59:59 PM,25.8601312,1.1891892,275.7243243,25.2216216,0,758.7891892,85.045946,0
01/11/2022 09:00:00 PM,01/11/2022 09:59:59 PM,29.0881427,0.6333333,243.8871795,24.7102564,0,759.2903846,86.9102564,0
01/11/2022 10:00:00 PM,01/11/2022 10:59:59 PM,32.8559227,0.6205128,281.6,24.5102564,0,759.2846154,86.825641,0
01/11/2022 11:00:00 PM,01/11/2022 11:59:59 PM,32.8091758,0.5666667,243.3717949,24.1179487,0,759.1961538,88.0641026,0
01/12/2022 12:00:00 AM,01/12/2022 12:59:59 AM,34.8654351,0.4763158,261.0894737,23.9342105,0,758.6861842,89.4,0
01/12/2022 01:00:00 AM,01/12/2022 01:59:59 AM,24.1502629,0.0871795,32.7282051,23.1666667,0,758.0076923,91.7076923,0
01/12/2022 02:00:00 AM,01/12/2022 02:59:59 AM,22.3997905,0.0631579,46.0447368,22.2552632,0,757.5552632,93.1973684,0
01/12/2022 03:00:00 AM,01/12/2022 03:59:59 AM,16.2887426,0.2605263,140.5184211,21.8368421,0,757.3026316,94.9947368,0
01/12/2022 04:00:00 AM,01/12/2022 04:59:59 AM,13.3567907,0.4153846,163.9384615,22.0051282,0,757.2576923,95.4794872,0
01/12/2022 05:00:00 AM,01/12/2022 05:59:59 AM,20.5066165,0.6512821,305.3179487,21.9153846,0,757.5961538,95.625641,0
01/12/2022 06:00:00 AM,01/12/2022 06:59:59 AM,26.8592307,0.6078947,192.7052632,21.8894737,0,758.0151316,95.2236842,7.5078947
01/12/2022 07:00:00 AM,01/12/2022 07:59:59 AM,51.069616,0.4435897,265.8948718,22.925641,0,758.3480769,92.2692308,42.2384615
01/12/2022 08:00:00 AM,01/12/2022 08:59:59 AM,34.8173727,0.6948718,298.5666667,25.9512821,0,758.7538462,82.8794872,59.5282051
01/12/2022 09:00:00 AM,01/12/2022 09:59:59 AM,27.0181921,0.9289474,243.4789474,28.1789474,0,759.0631579,73.9368421,90.7736842
01/12/2022 10:00:00 AM,01/12/2022 10:59:59 AM,27.2378413,0.5315789,139.0631579,30.9131579,0,758.8875,60.8473684,319.6026316
01/12/2022 11:00:00 AM,01/12/2022 11:59:59 AM,29.6409687,0.6948718,145.9794872,32.4410256,0,758.4,55.6512821,516.9102564
01/12/2022 12:00:00 PM,01/12/2022 12:59:59 PM,66.23089,1.3948718,201.1102564,30.7717949,0,757.6942308,66.9974359,534.6153846
01/12/2022 01:00:00 PM,01/12/2022 01:59:59 PM,58.3923215,1.2578947,211.8,31.6157895,0,757.0302632,64.9657895,702.0289474
01/12/2022 02:00:00 PM,01/12/2022 02:59:59 PM,67.0513399,1.3461538,207.974359,30.8333333,0,756.6173077,68.0179487,581.7410256
01/12/2022 03:00:00 PM,01/12/2022 03:59:59 PM,59.2266552,0.9487179,223.0948718,29.8230769,0,756.6865385,68.8794872,200.325641
01/12/2022 04:00:00 PM,01/12/2022 04:59:59 PM,30.6440397,0.6540541,191.7594595,29.3081081,0,756.7114865,67.5027027,73.8864865
01/12/2022 05:00:00 PM,01/12/2022 05:59:59 PM,49.3123207,0.9641026,295.1846154,28.2538462,0,757.1173077,69.8974359,29.4846154
01/12/2022 06:00:00 PM,01/12/2022 06:59:59 PM,36.1318004,1.4076923,311.8871795,26.5461539,0,757.7519231,77.0051282,0.2692308
01/12/2022 07:00:00 PM,01/12/2022 07:59:59 PM,30.4274706,1.8692308,310.9974359,25.6102564,0,758.3288462,82.625641,0
01/12/2022 08:00:00 PM,01/12/2022 08:59:59 PM,23.6328247,1.7078947,313.0131579,25.25,0,758.8875,84.5684211,0
01/12/2022 09:00:00 PM,01/12/2022 09:59:59 PM,19.3470616,1.3410256,319.2025641,24.7923077,0,759.2942308,86.0974359,0
01/12/2022 10:00:00 PM,01/12/2022 10:59:59 PM,27.438473,1.3230769,313.2692308,24.3564103,0,759.1307692,87.9435897,0
01/12/2022 11:00:00 PM,01/12/2022 11:59:59 PM,16.7578663,1.3078947,312.8052632,24.4105263,0,758.8460526,88.2184211,0
01/13/2022 12:00:00 AM,01/13/2022 12:59:59 AM,15.3038341,1.0578947,312.3763158,23.9184211,0,758.6703947,90.25,0
01/13/2022 01:00:00 AM,01/13/2022 01:59:59 AM,34.5441553,1.0153846,310.9025641,23.9282051,0,758.1384615,91.0641026,0
01/13/2022 02:00:00 AM,01/13/2022 02:59:59 AM,21.5481217,1.1512821,313.3666667,23.8641026,0,757.8403846,91.3794872,0
01/13/2022 03:00:00 AM,01/13/2022 03:59:59 AM,19.5196887,0.9684211,311.3868421,23.8473684,0,757.8059211,91.4921053,0
01/13/2022 04:00:00 AM,01/13/2022 04:59:59 AM,14.7382178,1.2230769,311.8487179,24.5102564,0,758.0076923,87.4794872,0
01/13/2022 05:00:00 AM,01/13/2022 05:59:59 AM,17.7270331,0.774359,312.2410256,24.1128205,0,758.2480769,88.4564103,0
01/13/2022 06:00:00 AM,01/13/2022 06:59:59 AM,25.8081692,0.3236842,234.2078947,24.0526316,0,758.7868421,89.131579,10.1447368
01/13/2022 07:00:00 AM,01/13/2022 07:59:59 AM,35.6321483,0.4263158,237.3078947,24.7657895,0,759.3,86.781579,72.4631579
01/13/2022 08:00:00 AM,01/13/2022 08:59:59 AM,46.3143271,1.4641026,320.4025641,26.3076923,0,759.875,81.5512821,105.374359
01/13/2022 09:00:00 AM,01/13/2022 09:59:59 AM,44.5878919,1.4589744,335.1589744,27.8794872,0,760.025,75.5538462,127.0769231
01/13/2022 10:00:00 AM,01/13/2022 10:59:59 AM,36.2182582,0.7736842,262.3842105,29.7921053,0,759.8289474,67.5605263,328.9342105
01/13/2022 11:00:00 AM,01/13/2022 11:59:59 AM,43.0849117,1.1615385,231.4512821,30.8615385,0,759.3692308,65.3128205,645.5282051
01/13/2022 12:00:00 PM,01/13/2022 12:59:59 PM,79.3609384,1.0923077,222.0871795,30.8051282,0,758.8346154,66.9717949,596.5333333
01/13/2022 01:00:00 PM,01/13/2022 01:59:59 PM,70.7369113,0.9736842,260.3631579,31.4289474,0,758.3148649,63.7605263,706.6578947
01/13/2022 02:00:00 PM,01/13/2022 02:59:59 PM,69.1588805,0.8315789,269.5210526,30.9631579,0,757.8157895,64.3078947,586.2447368
01/13/2022 03:00:00 PM,01/13/2022 03:59:59 PM,52.7704884,0.9051282,265.0487179,29.8589744,0,757.5692308,67.7589744,261.9820513
01/13/2022 04:00:00 PM,01/13/2022 04:59:59 PM,45.7382158,0.9263158,276.2131579,28.4078947,0,757.6105263,71.2868421,103.6315789
01/13/2022 05:00:00 PM,01/13/2022 05:59:59 PM,45.8554854,1.0615385,286.0666667,27.0051282,0,757.7903846,75.6,53.2384615
01/13/2022 06:00:00 PM,01/13/2022 06:59:59 PM,37.1445514,1.0769231,294.9333333,26.125641,0,758.0423077,78.3,0.325641
01/13/2022 07:00:00 PM,01/13/2022 07:59:59 PM,31.2538813,1.2447368,301.0789474,25.731579,0,758.7394737,80.6342105,0
01/13/2022 08:00:00 PM,01/13/2022 08:59:59 PM,34.5215014,0.9894737,303.9315789,25.2368421,0,759.2013158,82.8578947,0
01/13/2022 09:00:00 PM,01/13/2022 09:59:59 PM,33.8638935,0.9538462,312.3589744,24.8435897,0,759.5326923,84.0820513,0
01/13/2022 10:00:00 PM,01/13/2022 10:59:59 PM,28.2803934,0.774359,314.7179487,24.1512821,0,759.5826923,85.948718,0
01/13/2022 11:00:00 PM,01/13/2022 11:59:59 PM,24.3974599,0.6763158,280.8605263,23.6894737,0,759.4973684,87.0736842,0
01/14/2022 12:00:00 AM,01/14/2022 12:59:59 AM,21.1975085,0.4948718,264.0025641,22.7230769,0,759.175,90.9307692,0
01/14/2022 01:00:00 AM,01/14/2022 01:59:59 AM,21.1654609,0.6179487,322.8794872,22.7512821,0,758.7076923,90.5410256,0
01/14/2022 02:00:00 AM,01/14/2022 02:59:59 AM,16.5930847,0.5589744,308.7974359,22.0948718,0,758.325,91.5794872,0
01/14/2022 03:00:00 AM,01/14/2022 03:59:59 AM,12.8991973,0.3837838,183.3783784,21.4324324,0,758.175,93.9351351,0
01/14/2022 04:00:00 AM,01/14/2022 04:59:59 AM,7.1657484,0.1589744,108.5410256,21.0666667,0,758.4538462,94.3769231,0
01/14/2022 05:00:00 AM,01/14/2022 05:59:59 AM,15.8960311,0.4410256,208.974359,20.7435897,0,758.7326923,94.9205128,0
01/14/2022 06:00:00 AM,01/14/2022 06:59:59 AM,22.8160089,0.5641026,296.1666667,20.9564103,0,759.2307692,95.4128205,9.0717949
01/14/2022 07:00:00 AM,01/14/2022 07:59:59 AM,26.9003531,0.4410256,247.0307692,23.1538462,0,759.8134615,91.5128205,55.7820513
01/14/2022 08:00:00 AM,01/14/2022 08:59:59 AM,57.572449,1.2333333,306.674359,26.048718,0,760.2653846,81.4128205,102.4025641
01/14/2022 09:00:00 AM,01/14/2022 09:59:59 AM,27.2518985,0.9473684,297.9315789,27.9868421,0,760.4289474,73.1131579,184.0552632
01/14/2022 10:00:00 AM,01/14/2022 10:59:59 AM,31.5479355,1.9435897,325.8974359,29.2179487,0,760.3192308,63.6589744,294.9487179
01/14/2022 11:00:00 AM,01/14/2022 11:59:59 AM,28.3962272,1.3205128,313.7,30.8358974,0,759.9153846,58.4538462,688.6358974
01/14/2022 12:00:00 PM,01/14/2022 12:59:59 PM,28.3832063,0.9102564,246.1641026,32.4820513,0,759.2884615,56.925641,786.4025641
01/14/2022 01:00:00 PM,01/14/2022 01:59:59 PM,57.354563,1.4358974,214.3410256,31.0564103,0,758.6076923,63.3871795,716.8692308
01/14/2022 02:00:00 PM,01/14/2022 02:59:59 PM,59.2894778,0.8657895,256.4342105,31.15,0,758.175,62.9026316,591.7263158
01/14/2022 03:00:00 PM,01/14/2022 03:59:59 PM,37.4743885,0.9342105,256.1421053,29.9236842,0,757.9440789,65.9184211,291.9368421
01/14/2022 04:00:00 PM,01/14/2022 04:59:59 PM,37.4634689,1.0512821,279.874359,28.5179487,0,757.9173077,69.9435897,72.1846154
01/14/2022 05:00:00 PM,01/14/2022 05:59:59 PM,41.4681449,1.7179487,304.1025641,27.0769231,0,758.2423077,73.4948718,27.3641026
01/14/2022 06:00:00 PM,01/14/2022 06:59:59 PM,34.6045095,1.7,304.8842105,26.0421053,0,758.6684211,75.8684211,0.3342105
01/14/2022 07:00:00 PM,01/14/2022 07:59:59 PM,23.0001939,1.5179487,312.1717949,25.5358974,0,759.1980769,78.7820513,0
01/14/2022 08:00:00 PM,01/14/2022 08:59:59 PM,23.5207068,1.6358974,309.8333333,25.2589744,0,759.6192308,80.4025641,0
01/14/2022 09:00:00 PM,01/14/2022 09:59:59 PM,20.6087723,1.5578947,313.0789474,24.6894737,0,759.7085526,81.9184211,0
01/14/2022 10:00:00 PM,01/14/2022 10:59:59 PM,14.717473,1.4,317.7105263,24.2184211,0,759.6552632,83.5236842,0
01/14/2022 11:00:00 PM,01/14/2022 11:59:59 PM,18.8628773,1.1435897,315.274359,23.7692308,0,759.4326923,86.3846154,0
01/15/2022 12:00:00 AM,01/15/2022 12:59:59 AM,13.6133505,1.2051282,317.0666667,23.7564103,0,758.9711538,87.9025641,0
01/15/2022 01:00:00 AM,01/15/2022 01:59:59 AM,12.8011051,1.5052632,311.9473684,24.0894737,0,758.5618421,86.0105263,0
01/15/2022 02:00:00 AM,01/15/2022 02:59:59 AM,9.1170453,1.5230769,311.5102564,24.3923077,0,758.0769231,82.9923077,0
01/15/2022 03:00:00 AM,01/15/2022 03:59:59 AM,12.3440066,1.2820513,315.6615385,24.4153846,0,757.7980769,83.0102564,0
01/15/2022 04:00:00 AM,01/15/2022 04:59:59 AM,10.8081963,1.0078947,311.4289474,24.4894737,0,758.0210526,83.35,0
01/15/2022 05:00:00 AM,01/15/2022 05:59:59 AM,20.1025314,0.6342105,300.6894737,24,0,758.2361842,85.9631579,0
01/15/2022 06:00:00 AM,01/15/2022 06:59:59 AM,21.3099981,0.6589744,275.4487179,23.2717949,0,758.4711538,89.1,7.7153846
01/15/2022 07:00:00 AM,01/15/2022 07:59:59 AM,20.4849399,0.4846154,282.0435897,24.4025641,0,759.1980769,85.6282051,47.8025641
01/15/2022 08:00:00 AM,01/15/2022 08:59:59 AM,29.5367034,0.8410256,289.074359,26.5102564,0,759.7423077,78.0435897,84.2307692
01/15/2022 09:00:00 AM,01/15/2022 09:59:59 AM,23.0594742,0.6052632,224.9947368,28.3763158,0,760.0539474,70.3289474,85.5657895
01/15/2022 10:00:00 AM,01/15/2022 10:59:59 AM,26.870559,0.8794872,222.8897436,30.1205128,0,759.7673077,63.348718,290.6358974
01/15/2022 11:00:00 AM,01/15/2022 11:59:59 AM,38.1665894,0.9447368,205.0763158,31.6263158,0,759.3256579,59.7105263,631.3315789
01/15/2022 12:00:00 PM,01/15/2022 12:59:59 PM,58.6707027,0.8,222.6210526,31.05,0,758.7355263,62.181579,368.85
01/15/2022 01:00:00 PM,01/15/2022 01:59:59 PM,55.6941888,0.9846154,226.9205128,32.4564103,0,758.2711538,59.0897436,612.0871795
01/15/2022 02:00:00 PM,01/15/2022 02:59:59 PM,53.6138705,0.7128205,211.2,32.0051282,0,757.5692308,60.3179487,318.4794872
01/15/2022 03:00:00 PM,01/15/2022 03:59:59 PM,74.3315571,0.8315789,266.35,32.0578947,0,757.1585526,57.7026316,316.4973684
01/15/2022 04:00:00 PM,01/15/2022 04:59:59 PM,34.3266571,1.0205128,282.2666667,30.6512821,0,757.0153846,57.7410256,92.2410256
01/15/2022 05:00:00 PM,01/15/2022 05:59:59 PM,39.7614128,1.9333333,308.625641,28.4794872,0,757.1461538,66.2871795,32.2461539
01/15/2022 06:00:00 PM,01/15/2022 06:59:59 PM,30.7184557,2.2605263,311.0421053,26.5842105,0,757.4763158,75.8105263,0.3131579
01/15/2022 07:00:00 PM,01/15/2022 07:59:59 PM,22.3813313,2.2394737,313.8184211,25.8684211,0,757.9855263,78.8131579,0
01/15/2022 08:00:00 PM,01/15/2022 08:59:59 PM,19.2237208,2.0846154,313.7282051,25.4461539,0,758.5307692,80.9410256,0
01/15/2022 09:00:00 PM,01/15/2022 09:59:59 PM,17.7764062,2.2358974,312.3974359,25.1769231,0,759.0173077,83.7564103,0
01/15/2022 10:00:00 PM,01/15/2022 10:59:59 PM,13.4425777,1.8368421,317.2263158,25.1131579,0,759.1243421,85.8578947,0
01/15/2022 11:00:00 PM,01/15/2022 11:59:59 PM,15.4122665,0.8512821,234.6692308,24.6641026,0,759.0961538,88.0871795,0
01/16/2022 12:00:00 AM,01/16/2022 12:59:59 AM,21.0369572,0.5333333,283.1,24.2820513,0,758.7480769,89.5717949,0
01/16/2022 01:00:00 AM,01/16/2022 01:59:59 AM,42.3722228,0.6666667,318.9076923,24.1128205,0,757.8288462,89.4948718,0
01/16/2022 02:00:00 AM,01/16/2022 02:59:59 AM,70.6190258,0.0972973,38.3351351,23.3432432,0,757.7412162,91.5783784,0
01/16/2022 03:00:00 AM,01/16/2022 03:59:59 AM,13.7414021,0.3564103,226.1923077,22.5897436,0,757.4538462,93.2461539,0
01/16/2022 04:00:00 AM,01/16/2022 04:59:59 AM,13.9713771,0.1205128,78.0384615,22.6974359,0,757.3346154,94.2974359,0
01/16/2022 05:00:00 AM,01/16/2022 05:59:59 AM,24.5035765,0.274359,152.0410256,23.2333333,0,757.4673077,93.7538462,0
01/16/2022 06:00:00 AM,01/16/2022 06:59:59 AM,19.8820675,0.0578947,46.8605263,23.1657895,0,757.7585526,94.7894737,7.9
01/16/2022 07:00:00 AM,01/16/2022 07:59:59 AM,24.6134215,0.1564103,75.1564103,24.2564103,0,758.2557692,93.2384615,49.6794872
01/16/2022 08:00:00 AM,01/16/2022 08:59:59 AM,37.4775844,0.5282051,283.2128205,26.825641,0,758.7,83.2102564,71.9051282
01/16/2022 09:00:00 AM,01/16/2022 09:59:59 AM,23.6192502,0.4526316,118.15,29.4263158,0,758.8401316,69.9552632,90.3552632
01/16/2022 10:00:00 AM,01/16/2022 10:59:59 AM,17.3115411,0.6105263,174.2,31.3710526,0,758.8065789,61.981579,281.8763158
01/16/2022 11:00:00 AM,01/16/2022 11:59:59 AM,30.3016705,0.9589744,167.7538462,31.6153846,0,758.4596154,63.6846154,401.1128205
01/16/2022 12:00:00 PM,01/16/2022 12:59:59 PM,32.026307,1.5435897,185.0769231,32.0871795,0,757.8865385,63.6948718,752.9846154
01/16/2022 01:00:00 PM,01/16/2022 01:59:59 PM,26.6452406,1.3025641,195.7717949,32.2421053,0,757.2346154,63.2897436,685.2512821
01/16/2022 02:00:00 PM,01/16/2022 02:59:59 PM,37.146527,1.2210526,205.9421053,31.381579,0,756.6947368,67.1184211,596.3157895
01/16/2022 03:00:00 PM,01/16/2022 03:59:59 PM,37.3385483,0.7564103,237.7025641,31.2564103,0,756.4307692,65.3205128,320.8487179
01/16/2022 04:00:00 PM,01/16/2022 04:59:59 PM,22.5338568,0.6128205,175.8538462,30.2769231,0,756.3865385,65.9717949,135.3410256
01/16/2022 05:00:00 PM,01/16/2022 05:59:59 PM,24.8019768,0.2552632,135.7973684,29.331579,0,756.4657895,66.9131579,40.7631579
01/16/2022 06:00:00 PM,01/16/2022 06:59:59 PM,22.3527105,0.3789474,171.3684211,27.8868421,0,756.8644737,73.7736842,0.2078947
01/16/2022 07:00:00 PM,01/16/2022 07:59:59 PM,36.0933084,1.2692308,314.5769231,26.7384615,0,757.5557692,80.0615385,0
01/16/2022 08:00:00 PM,01/16/2022 08:59:59 PM,28.7389142,1.0538462,317.0358974,25.9025641,0,758.1673077,85.3358974,0
01/16/2022 09:00:00 PM,01/16/2022 09:59:59 PM,31.7217048,0.9342105,315.8684211,25.3078947,0,758.4809211,88.3868421,0
01/16/2022 10:00:00 PM,01/16/2022 10:59:59 PM,25.91524,0.9,313.7487179,25.1948718,0,758.6730769,89.6589744,0
01/16/2022 11:00:00 PM,01/16/2022 11:59:59 PM,30.0723687,1.2333333,311.8205128,24.9794872,0,758.6365385,91.5230769,0
01/17/2022 12:00:00 AM,01/17/2022 12:59:59 AM,53.0944946,1.2,312.8657895,24.5605263,0,758.3111842,93.5026316,0
01/17/2022 01:00:00 AM,01/17/2022 01:59:59 AM,22.0266763,1.0447368,310.6342105,24.2868421,0,757.7822368,95,0
01/17/2022 02:00:00 AM,01/17/2022 02:59:59 AM,17.8877079,1.1282051,310.1589744,24.2435897,0,757.3288462,95.4128205,0
01/17/2022 03:00:00 AM,01/17/2022 03:59:59 AM,19.0517917,0.8205128,310.525641,24.2461539,0,757.1653846,95.2589744,0
01/17/2022 04:00:00 AM,01/17/2022 04:59:59 AM,17.5609323,0.2894737,207.1868421,24.4789474,0,757.3796053,94.7842105,0
01/17/2022 05:00:00 AM,01/17/2022 05:59:59 AM,26.8863568,0.5641026,282.8923077,25.1794872,0,757.6019231,92.5846154,0
01/17/2022 06:00:00 AM,01/17/2022 06:59:59 AM,45.7353191,0.6384615,302.2974359,25.6923077,0,757.8711538,90.5564103,8.5230769
01/17/2022 07:00:00 AM,01/17/2022 07:59:59 AM,59.8967045,0.8868421,293.4631579,26.3473684,0,758.3486842,87.3184211,55.9052632
01/17/2022 08:00:00 AM,01/17/2022 08:59:59 AM,60.5481572,1.7289474,311.3473684,27.5921053,0,758.6546053,80.881579,78.2026316
01/17/2022 09:00:00 AM,01/17/2022 09:59:59 AM,27.7416259,1.6948718,308.8641026,29.3230769,0,758.8057692,73.7871795,112.5666667
01/17/2022 10:00:00 AM,01/17/2022 10:59:59 AM,38.2578205,1.4368421,302.2921053,31.0763158,0,758.5855263,66.8184211,275.3026316
01/17/2022 11:00:00 AM,01/17/2022 11:59:59 AM,50.0178769,1.3128205,300.8435897,32.648718,0,758.2711538,60.6179487,726.5846154
01/17/2022 12:00:00 PM,01/17/2022 12:59:59 PM,48.3475284,0.8076923,262.5794872,34.3076923,0,757.7884615,56.4641026,760.3461538
01/17/2022 01:00:00 PM,01/17/2022 01:59:59 PM,54.228684,1.0102564,267.8948718,33.5384615,0,756.8903846,60.4102564,466.8205128
01/17/2022 02:00:00 PM,01/17/2022 02:59:59 PM,54.2449838,1.2513514,316.4216216,30.5837838,0,756.4682432,69.5648649,194.8459459
01/17/2022 03:00:00 PM,01/17/2022 03:59:59 PM,46.5054772,0.9794872,289.8461538,31.5230769,0,755.9557692,65.0948718,244.0179487
01/17/2022 04:00:00 PM,01/17/2022 04:59:59 PM,44.4631551,1.3205128,294.8769231,30.8512821,0,755.7076923,66.7717949,84.3897436
01/17/2022 05:00:00 PM,01/17/2022 05:59:59 PM,48.7246199,1.8815789,312.8368421,28.981579,0,755.9585526,69.6842105,29.9394737
01/17/2022 06:00:00 PM,01/17/2022 06:59:59 PM,36.9883636,2.1435897,310.1205128,27.2333333,0,756.4403846,79.2512821,0.2333333
01/17/2022 07:00:00 PM,01/17/2022 07:59:59 PM,27.9284105,2.0315789,309.6263158,26.4342105,0,756.8467105,85.0578947,0
01/17/2022 08:00:00 PM,01/17/2022 08:59:59 PM,30.0857109,1.4184211,311.3842105,26.2605263,0,757.4467105,86.7,0
01/17/2022 09:00:00 PM,01/17/2022 09:59:59 PM,29.0447486,1.7333333,311.0333333,26.3051282,0,757.8096154,86.2820513,0
01/17/2022 10:00:00 PM,01/17/2022 10:59:59 PM,29.3883811,1.9564103,311.1589744,26.5538462,0,757.9538462,85.3025641,0
01/17/2022 11:00:00 PM,01/17/2022 11:59:59 PM,24.8211562,2.0447368,313.05,26.6342105,0,757.8927632,84.4473684,0
01/18/2022 12:00:00 AM,01/18/2022 12:59:59 AM,29.3270139,2.0461538,311.1358974,26.6461539,0,757.7134615,83.848718,0
01/18/2022 01:00:00 AM,01/18/2022 01:59:59 AM,25.7810218,2.0615385,310.2358974,26.6410256,0,757.2288462,82.5,0
01/18/2022 02:00:00 AM,01/18/2022 02:59:59 AM,31.1070641,1.6947368,309.2342105,26.5342105,0,756.7736842,84.4552632,0
01/18/2022 03:00:00 AM,01/18/2022 03:59:59 AM,35.2873087,1.4842105,313.0421053,26.5894737,0,756.6611842,84.1342105,0
01/18/2022 04:00:00 AM,01/18/2022 04:59:59 AM,35.8923121,1.8205128,311.1923077,26.4564103,0,756.8288462,84.0820513,0
01/18/2022 05:00:00 AM,01/18/2022 05:59:59 AM,36.6298008,2.1333333,310.3128205,26.2794872,0,757.025,83.7102564,0
01/18/2022 06:00:00 AM,01/18/2022 06:59:59 AM,37.3828412,2.0684211,312.5210526,26.1894737,0,757.3480263,83.6947368,6.4578947
01/18/2022 07:00:00 AM,01/18/2022 07:59:59 AM,34.1941726,1.4820513,318.5923077,26.1589744,0,757.9211538,83.6333333,48.0307692
01/18/2022 08:00:00 AM,01/18/2022 08:59:59 AM,49.6104776,1.574359,322.0410256,27.3410256,0,758.6692308,78.6384615,120.8282051
01/18/2022 09:00:00 AM,01/18/2022 09:59:59 AM,30.672571,1.9052632,338.9052632,28.7,0,758.6328947,72.731579,127.0815789
01/18/2022 10:00:00 AM,01/18/2022 10:59:59 AM,34.8588603,1.4447368,309.1894737,30.4421053,0,758.2736842,66.3447368,237.2526316
01/18/2022 11:00:00 AM,01/18/2022 11:59:59 AM,37.5724509,1.2641026,310.2410256,32.1128205,0,757.7865385,60.325641,520.6794872
01/18/2022 12:00:00 PM,01/18/2022 12:59:59 PM,40.3591331,0.9552632,288.3157895,34.3052632,0,757.2848684,53.4368421,691.4394737
01/18/2022 01:00:00 PM,01/18/2022 01:59:59 PM,43.6430419,1.0435897,287.9333333,35.1384615,0,756.4894737,53.0512821,702.4052632
01/18/2022 02:00:00 PM,01/18/2022 02:59:59 PM,88.7749662,1.4538462,292.3820513,33.9358974,0,755.9038462,56.2794872,587.2871795
01/18/2022 03:00:00 PM,01/18/2022 03:59:59 PM,83.8403342,2.2026316,305.7868421,32.2052632,0,755.4986842,59.4552632,324.9
01/18/2022 04:00:00 PM,01/18/2022 04:59:59 PM,55.1658035,2.3552632,308.6789474,30.1368421,0,755.4118421,66.2026316,124.8078947
01/18/2022 05:00:00 PM,01/18/2022 05:59:59 PM,53.7059626,2.4025641,310.3974359,28.3461539,0,755.5673077,72.6769231,55.9589744
01/18/2022 06:00:00 PM,01/18/2022 06:59:59 PM,36.6005395,2.8282051,307.4025641,26.948718,0,755.8980769,78.8692308,0.8692308
01/18/2022 07:00:00 PM,01/18/2022 07:59:59 PM,27.4921297,2.6894737,314.3763158,26.4131579,0,756.5921053,81.0210526,26.5447368
01/18/2022 08:00:00 PM,01/18/2022 08:59:59 PM,27.3233457,1.6871795,327.2794872,26.1,0,757.2480769,82.0282051,0
01/18/2022 09:00:00 PM,01/18/2022 09:59:59 PM,35.2604179,1.0282051,324.9948718,25.7076923,0,757.8730769,81.6589744,0
01/18/2022 10:00:00 PM,01/18/2022 10:59:59 PM,43.1996654,1.7384615,314.2666667,25.6153846,0,757.6807692,79.874359,0
01/18/2022 11:00:00 PM,01/18/2022 11:59:59 PM,21.9792642,1.8567568,317.2054054,25.5783784,0,757.3560811,80.1486487,0
01/19/2022 12:00:00 AM,01/19/2022 12:59:59 AM,24.2491832,1.1641026,326.3820513,25.0948718,0,757.1038462,82.8102564,0
01/19/2022 01:00:00 AM,01/19/2022 01:59:59 AM,72.5570174,0.7871795,309.8128205,24.4974359,0,756.6096154,85.648718,0
01/19/2022 02:00:00 AM,01/19/2022 02:59:59 AM,35.6462018,0.2842105,115.4131579,24.0263158,0,756.0947368,87.7947368,0
01/19/2022 03:00:00 AM,01/19/2022 03:59:59 AM,21.4139745,0.1897436,118.3846154,23.4153846,0,755.9519231,90.1589744,0
01/19/2022 04:00:00 AM,01/19/2022 04:59:59 AM,19.3676347,0.2487179,128.4974359,22.7564103,0,756.0365385,92.4102564,0
01/19/2022 05:00:00 AM,01/19/2022 05:59:59 AM,30.4912906,0.3078947,142,22.5657895,0,756.4125,93.0894737,0
01/19/2022 06:00:00 AM,01/19/2022 06:59:59 AM,38.4010399,0.2263158,123.1736842,22.4026316,0,756.8269737,93.6657895,7.1894737
01/19/2022 07:00:00 AM,01/19/2022 07:59:59 AM,36.5930362,0.6102564,262.4641026,24.0641026,0,757.2788462,89.6,49.9230769
01/19/2022 08:00:00 AM,01/19/2022 08:59:59 AM,41.7780717,1.2461538,321.6564103,26.648718,0,757.8538462,78.9820513,54.0128205
01/19/2022 09:00:00 AM,01/19/2022 09:59:59 AM,38.3270179,0.9605263,311.2,28.9105263,0,758.0486842,70.4684211,66.2947368
01/19/2022 10:00:00 AM,01/19/2022 10:59:59 AM,37.0191696,0.65,244.3125,31.605,0,757.815,59.03,234.43
01/19/2022 11:00:00 AM,01/19/2022 11:59:59 AM,46.2647842,1.3973684,199.8026316,32.7105263,0,757.3361842,58.5052632,741.3131579
01/19/2022 12:00:00 PM,01/19/2022 12:59:59 PM,50.3398796,1.2794872,202.7307692,33.3666667,0,756.8442308,55.0615385,762.5102564
01/19/2022 01:00:00 PM,01/19/2022 01:59:59 PM,51.1175056,1.0394737,219.7657895,33.9973684,0,756.2092105,51.6657895,712.1315789
01/19/2022 02:00:00 PM,01/19/2022 02:59:59 PM,41.5832603,1.0447368,223.5131579,33.8236842,0,755.6131579,51.3868421,604.1342105
01/19/2022 03:00:00 PM,01/19/2022 03:59:59 PM,53.74175,0.8,263.8846154,32.9846154,0,755.1865385,53.7923077,346.4820513
01/19/2022 04:00:00 PM,01/19/2022 04:59:59 PM,39.5965776,0.9384615,277.7897436,30.8076923,0,755.0346154,64.2923077,87.9897436
01/19/2022 05:00:00 PM,01/19/2022 05:59:59 PM,43.2387379,1.4973684,304.5631579,29.2394737,0,755.0901316,69.1710526,29.531579
01/19/2022 06:00:00 PM,01/19/2022 06:59:59 PM,39.8934464,1.5076923,311.6769231,27.4358974,0,755.15,78.3871795,0.5025641
01/19/2022 07:00:00 PM,01/19/2022 07:59:59 PM,40.6376675,1.4333333,316.3589744,26.5871795,0,755.3365385,84.0641026,0
01/19/2022 08:00:00 PM,01/19/2022 08:59:59 PM,39.0591254,1.1684211,320.1473684,25.881579,0,755.6526316,86.7026316,0
01/19/2022 09:00:00 PM,01/19/2022 09:59:59 PM,51.2602206,0.9052632,244.1815789,25.3684211,0,756.0355263,86.8526316,0
01/19/2022 10:00:00 PM,01/19/2022 10:59:59 PM,35.6928486,0.5948718,266.5461538,24.9692308,0,756.3019231,88.2333333,0
01/19/2022 11:00:00 PM,01/19/2022 11:59:59 PM,35.762341,0.4358974,158.3538462,24.5128205,0,756.1884615,88.9615385,0
01/20/2022 12:00:00 AM,01/20/2022 12:59:59 AM,31.3085818,0.4657895,191.4421053,23.4526316,0,755.7848684,91.8894737,0
01/20/2022 01:00:00 AM,01/20/2022 01:59:59 AM,25.6918765,0.3153846,173.3025641,23.3589744,0,755.1980769,91.9538462,0
01/20/2022 02:00:00 AM,01/20/2022 02:59:59 AM,30.5913063,0.4128205,155.6641026,22.9205128,0,754.7923077,92.8641026,0
01/20/2022 03:00:00 AM,01/20/2022 03:59:59 AM,24.754279,0.5394737,241.0815789,22.7078947,0,754.6361842,93.8236842,0
01/20/2022 04:00:00 AM,01/20/2022 04:59:59 AM,21.1562621,0.5921053,309.2842105,22.7210526,0,754.6440789,94.1947368,0
01/20/2022 05:00:00 AM,01/20/2022 05:59:59 AM,32.1746652,0.3025641,167.2410256,22.9897436,0,754.8865385,94.0846154,0
01/20/2022 06:00:00 AM,01/20/2022 06:59:59 AM,40.7633668,0.3128205,121.4717949,22.3923077,0,755.1038462,94.6923077,7.0641026
01/20/2022 07:00:00 AM,01/20/2022 07:59:59 AM,48.6840644,0.7972973,312.9368421,24.2421053,0,755.775,90.1605263,48.9552632
01/20/2022 08:00:00 AM,01/20/2022 08:59:59 AM,50.8082981,1.0846154,307.5102564,27.1769231,0,756.4403846,77.9923077,53.225641
01/20/2022 09:00:00 AM,01/20/2022 09:59:59 AM,78.1659156,0.7666667,281.7846154,29.8025641,0,756.7184211,68.1410256,70.9923077
01/20/2022 10:00:00 AM,01/20/2022 10:59:59 AM,89.4454968,0.7526316,235.2157895,32.1842105,0,756.5032895,60.9894737,279.4868421
01/20/2022 01:00:00 PM,01/20/2022 01:59:59 PM,72.0989967,1.4692308,202.5923077,34.2358974,0,754.9096154,52.0461539,705.0871795
01/20/2022 02:00:00 PM,01/20/2022 02:59:59 PM,68.5558233,0.8131579,243.55,35.2447368,0,754.2315789,47.6131579,585.9684211
01/20/2022 03:00:00 PM,01/20/2022 03:59:59 PM,69.9540596,0.8923077,270.9410256,34,0,754.0096154,53.3564103,341.5717949
01/20/2022 04:00:00 PM,01/20/2022 04:59:59 PM,78.7322977,1.174359,284.4487179,32.1205128,0,753.9019231,58.7615385,90.3794872
01/20/2022 05:00:00 PM,01/20/2022 05:59:59 PM,79.768618,1.5972973,304.9324324,29.7864865,0,753.9405405,69.4864865,29.4513514
01/20/2022 06:00:00 PM,01/20/2022 06:59:59 PM,91.5440113,1.925641,309.674359,27.7871795,0,754.2384615,78.5948718,0.5230769
01/20/2022 07:00:00 PM,01/20/2022 07:59:59 PM,68.4845013,2.0564103,312.8717949,26.6589744,0,754.6846154,83.0333333,0
01/20/2022 08:00:00 PM,01/20/2022 08:59:59 PM,54.9457435,1.4552632,306.7868421,26.1763158,0,755.325,84.5868421,0
01/20/2022 09:00:00 PM,01/20/2022 09:59:59 PM,58.7045281,0.4666667,209.0512821,25.6692308,0,756.0307692,86.474359,0
01/20/2022 10:00:00 PM,01/20/2022 10:59:59 PM,62.0553986,0.5307692,278.5051282,25.4384615,0,756.2038462,86.9025641,0
01/20/2022 11:00:00 PM,01/20/2022 11:59:59 PM,67.2306704,0.3868421,179.3342105,24.8684211,0,756.0710526,88.6263158,0
01/21/2022 12:00:00 AM,01/21/2022 12:59:59 AM,45.8256945,0.2236842,86.6105263,24.05,0,755.6486842,91.2210526,0
01/21/2022 01:00:00 AM,01/21/2022 01:59:59 AM,47.408099,0.2307692,60.4666667,23.625641,0,755.2423077,92.4538462,0
01/21/2022 02:00:00 AM,01/21/2022 02:59:59 AM,33.3502663,0.3410256,217.5692308,23.3051282,0,755.0057692,93.1512821,0
01/21/2022 03:00:00 AM,01/21/2022 03:59:59 AM,29.1221668,0.3342105,183.9736842,23.3052632,0,754.8947368,93.5552632,0
01/21/2022 04:00:00 AM,01/21/2022 04:59:59 AM,26.7083152,0.6025641,298.2871795,23.6871795,0,754.8903846,92.8794872,0
01/21/2022 05:00:00 AM,01/21/2022 05:59:59 AM,22.0924739,0.5871795,303.1307692,23.6871795,0,755.3673077,93.7641026,0
01/21/2022 06:00:00 AM,01/21/2022 06:59:59 AM,31.0905353,0.6394737,303.8684211,24.0605263,0,755.9328947,93.3894737,8.8526316
01/21/2022 07:00:00 AM,01/21/2022 07:59:59 AM,30.9535577,1.1052632,343.2157895,25.4684211,0,756.6572368,86.7684211,51.5394737
01/21/2022 08:00:00 AM,01/21/2022 08:59:59 AM,52.6932344,1.7641026,338.0717949,27.8948718,0,757.1923077,76.3307692,82.8820513
01/21/2022 09:00:00 AM,01/21/2022 09:59:59 AM,59.0487727,0.7820513,215.9948718,30.2897436,0,757.5038462,67.6538462,97.7897436
01/21/2022 10:00:00 AM,01/21/2022 10:59:59 AM,61.1304412,0.5184211,169.6789474,32.7243243,0,757.2789474,57.9789474,258.3394737
01/21/2022 11:00:00 AM,01/21/2022 11:59:59 AM,67.5426766,0.9666667,204.6564103,33.8948718,0,756.7153846,58.1384615,727.8923077
01/21/2022 01:00:00 PM,01/21/2022 01:59:59 PM,103.1765948,1.0594595,198.8891892,33.8864865,0,755.7466216,56.645946,681.4513514
01/21/2022 02:00:00 PM,01/21/2022 02:59:59 PM,99.1217681,1.1846154,193,34.0846154,0,755.0192308,55.1769231,554.0769231
01/21/2022 03:00:00 PM,01/21/2022 03:59:59 PM,98.2009756,0.7897436,240.7230769,34.0384615,0,754.5942308,55.3230769,325.3179487
01/21/2022 04:00:00 PM,01/21/2022 04:59:59 PM,99.1038028,0.8894737,275.5973684,32.3631579,0,754.6539474,59.65,105.6157895
01/21/2022 05:00:00 PM,01/21/2022 05:59:59 PM,79.6589986,1.4487179,293.6128205,30.074359,0,754.9038462,65.8948718,34.3769231
01/21/2022 06:00:00 PM,01/21/2022 06:59:59 PM,70.4229968,1.3025641,313.3128205,27.948718,0,755.1769231,74.4846154,0.2487179
01/21/2022 07:00:00 PM,01/21/2022 07:59:59 PM,77.0456567,1.3973684,308.4184211,26.7657895,0,755.6901316,80.5842105,0
01/21/2022 08:00:00 PM,01/21/2022 08:59:59 PM,63.5838282,1.6421053,307.8789474,26.3131579,0,756.2447368,84.0526316,0
01/21/2022 09:00:00 PM,01/21/2022 09:59:59 PM,51.4542189,1.4102564,315.1923077,26.0461539,0,756.6307692,86.2717949,0
01/21/2022 10:00:00 PM,01/21/2022 10:59:59 PM,42.8461252,1.1205128,309.7589744,25.7179487,0,756.8884615,87.3179487,0
01/21/2022 11:00:00 PM,01/21/2022 11:59:59 PM,45.7332923,1.1605263,313.0894737,25.5131579,0,756.7559211,88.6736842,0
01/22/2022 12:00:00 AM,01/22/2022 12:59:59 AM,28.7966885,0.8105263,322.8641026,25.0846154,0,756.6384615,90.2897436,0
01/22/2022 01:00:00 AM,01/22/2022 01:59:59 AM,34.4093343,0.5846154,330.7384615,24.4769231,0,756.0730769,92.5512821,0
01/22/2022 02:00:00 AM,01/22/2022 02:59:59 AM,30.2037449,0.1736842,73.9763158,24.1210526,0,755.6802632,93.5631579,0
01/22/2022 03:00:00 AM,01/22/2022 03:59:59 AM,44.0951996,0.3648649,132.3289474,23.4631579,0,755.4,94.5157895,0
01/22/2022 04:00:00 AM,01/22/2022 04:59:59 AM,28.7444474,0.4512821,166.5410256,22.9948718,0,755.3538462,94.7564103,0
01/22/2022 05:00:00 AM,01/22/2022 05:59:59 AM,44.7514978,0.6282051,322.2333333,23.2666667,0,755.7134615,94.4205128,0
01/22/2022 06:00:00 AM,01/22/2022 06:59:59 AM,36.3066545,0.2842105,92.6447368,23.5210526,0,756.525,93.8394737,7.05
01/22/2022 07:00:00 AM,01/22/2022 07:59:59 AM,69.1155722,0.3971429,209.8457143,24.8571429,0,757.1871429,90.9457143,50.9914286
01/22/2022 08:00:00 AM,01/22/2022 08:59:59 AM,74.8267339,0.6794872,297.3897436,27.1230769,0,757.8173077,83.4,70.6769231
01/22/2022 10:00:00 AM,01/22/2022 10:59:59 AM,43.9822562,0.6,329.2,32.45,0,757.5,62.25,775.75
01/22/2022 11:00:00 AM,01/22/2022 11:59:59 AM,28.2525035,1.1307692,165.2025641,32.5307692,0,757.3269231,64.7410256,728.7333333
01/22/2022 12:00:00 PM,01/22/2022 12:59:59 PM,90.2278965,1.0947368,214.3473684,32.3657895,0,756.9848684,65.5973684,721.2815789
01/22/2022 01:00:00 PM,01/22/2022 01:59:59 PM,86.2862162,1.1615385,211.225641,32.1589744,0,756.2576923,64.9333333,693.9589744
01/22/2022 02:00:00 PM,01/22/2022 02:59:59 PM,87.5469947,0.9153846,202.1794872,32.1179487,0,755.6903846,63.8333333,577.8205128
01/22/2022 03:00:00 PM,01/22/2022 03:59:59 PM,70.9964583,0.9324324,210.8945946,31.9135135,0,755.1648649,64.1162162,332.2675676
01/22/2022 04:00:00 PM,01/22/2022 04:59:59 PM,67.8541816,0.7820513,217.3307692,31.3692308,0,754.9576923,65.3820513,101.2948718
01/22/2022 05:00:00 PM,01/22/2022 05:59:59 PM,70.0531183,0.725641,276.2846154,30.3538462,0,755.1403846,67.5333333,38.2102564
01/22/2022 06:00:00 PM,01/22/2022 06:59:59 PM,79.6786743,1.4589744,311.9128205,28.225641,0,755.4673077,74.5410256,0.3128205
01/22/2022 07:00:00 PM,01/22/2022 07:59:59 PM,59.9424996,1.8026316,309.7473684,26.7552632,0,755.9190789,82.0236842,0
01/22/2022 08:00:00 PM,01/22/2022 08:59:59 PM,43.4469679,1.7974359,312.6,26.1102564,0,756.4653846,85.3820513,0
01/22/2022 09:00:00 PM,01/22/2022 09:59:59 PM,33.0742183,1.9641026,309.6051282,25.8512821,0,756.6634615,86.7948718,0
01/22/2022 10:00:00 PM,01/22/2022 10:59:59 PM,27.0631998,1.5710526,312.9105263,25.7026316,0,756.8072368,87.7,0
01/22/2022 11:00:00 PM,01/22/2022 11:59:59 PM,26.2191114,0.9342105,313.0736842,25.5552632,0,756.5723684,88.7552632,0
01/23/2022 12:00:00 AM,01/23/2022 12:59:59 AM,28.9397946,0.6307692,290.2769231,25.5205128,0,756.1576923,88.9076923,0
01/23/2022 01:00:00 AM,01/23/2022 01:59:59 AM,52.6658449,0.5868421,292.1078947,25.2947368,0,755.4868421,89.8552632,0
01/23/2022 02:00:00 AM,01/23/2022 02:59:59 AM,49.7564717,0.5641026,231.525641,24.4410256,0,754.9423077,92.4153846,0
01/23/2022 03:00:00 AM,01/23/2022 03:59:59 AM,25.8683346,0.5692308,282.0179487,23.7205128,0,754.8365385,94.8205128,0
01/23/2022 04:00:00 AM,01/23/2022 04:59:59 AM,18.506839,0.4605263,157.4763158,23.7868421,0,755.0348684,95.3710526,0
01/23/2022 05:00:00 AM,01/23/2022 05:59:59 AM,23.8064488,0.7184211,343.5236842,23.8552632,0,755.3230263,95.0842105,0
01/23/2022 06:00:00 AM,01/23/2022 06:59:59 AM,31.6203058,0.4384615,295.5769231,23.6076923,0,755.8384615,95.8153846,6.6717949
01/23/2022 07:00:00 AM,01/23/2022 07:59:59 AM,47.330745,0.2717949,132.8,24.6076923,0,756.5269231,94.4923077,63.2512821
01/23/2022 08:00:00 AM,01/23/2022 08:59:59 AM,49.1608333,1.1210526,347.2657895,26.631579,0,757.1901316,85.7526316,112.2578947
01/23/2022 09:00:00 AM,01/23/2022 09:59:59 AM,37.9248224,0.7435897,202.0076923,27.9410256,0,757.4403846,78.9589744,231.9153846
01/23/2022 10:00:00 AM,01/23/2022 10:59:59 AM,39.9415817,0.7078947,239.4684211,29.8236842,0,757.2552632,71.7421053,299.9368421
01/23/2022 11:00:00 AM,01/23/2022 11:59:59 AM,45.8302755,0.6578947,215.1710526,31.8842105,0,756.8072368,65.2263158,535.9736842
01/23/2022 12:00:00 PM,01/23/2022 12:59:59 PM,64.9294915,0.9410256,205.8307692,32.0769231,0,756.1884615,65.3641026,518.474359
01/23/2022 01:00:00 PM,01/23/2022 01:59:59 PM,73.0329794,1.1820513,219.6025641,33.3846154,0,755.3480769,60.7025641,618.7051282
01/23/2022 02:00:00 PM,01/23/2022 02:59:59 PM,98.6888981,0.7157895,242.7842105,32.5210526,0,754.6381579,61.5184211,219.1368421
01/23/2022 03:00:00 PM,01/23/2022 03:59:59 PM,66.6016182,0.6282051,250.0692308,32.2410256,0,754.3538462,61.6923077,235.8538462
01/23/2022 04:00:00 PM,01/23/2022 04:59:59 PM,61.4354186,1.7128205,311.1307692,30.9846154,0,754.2865385,62.5897436,136.2820513
01/23/2022 05:00:00 PM,01/23/2022 05:59:59 PM,52.0426693,1.9405405,312.9162162,28.7081081,0,754.4351351,68.8567568,40.8513514
01/23/2022 06:00:00 PM,01/23/2022 06:59:59 PM,37.6165447,1.9102564,310.9769231,26.9,0,754.7557692,75.4974359,0.7384615
01/23/2022 07:00:00 PM,01/23/2022 07:59:59 PM,38.0910243,1.6769231,315.9820513,26.0230769,0,755.1615385,78.4794872,0
01/23/2022 08:00:00 PM,01/23/2022 08:59:59 PM,32.0907662,1.6684211,316.5605263,25.5973684,0,755.6506579,79.5394737,0
01/23/2022 09:00:00 PM,01/23/2022 09:59:59 PM,29.4911003,1.9461538,311.5384615,25.2717949,0,755.8019231,79.325641,0
01/23/2022 10:00:00 PM,01/23/2022 10:59:59 PM,26.3360213,1.8769231,314.2307692,25.2410256,0,755.8788462,79.7948718,0
01/23/2022 11:00:00 PM,01/23/2022 11:59:59 PM,26.539474,1.6263158,313.9315789,25.0263158,0,755.7296053,81.3263158,0
01/24/2022 12:00:00 AM,01/24/2022 12:59:59 AM,25.3921467,1.3842105,312.8657895,24.731579,0,755.4217105,83.9342105,0
01/24/2022 01:00:00 AM,01/24/2022 01:59:59 AM,38.9586702,1.1641026,322.9025641,24.6641026,0,755.3269231,86.1333333,0
01/24/2022 04:00:00 AM,01/24/2022 04:59:59 AM,35.8876588,0.7025641,298.2871795,25.0076923,0,754.7557692,86.9128205,0
01/24/2022 05:00:00 AM,01/24/2022 05:59:59 AM,56.0012891,0.525641,273.4897436,24.6564103,0,754.9615385,88.1128205,0
01/24/2022 06:00:00 AM,01/24/2022 06:59:59 AM,65.2305678,1.0410256,307.5410256,24.8948718,0,755.325,84.7564103,7.6641026
01/24/2022 07:00:00 AM,01/24/2022 07:59:59 AM,52.1468236,1.2405405,338.8324324,25.2540541,0,755.7466216,83.8513514,46.6756757
01/24/2022 08:00:00 AM,01/24/2022 08:59:59 AM,52.5908018,0.5307692,118.6692308,27.0538462,0,756.3096154,78.7871795,63.4179487
01/24/2022 09:00:00 AM,01/24/2022 09:59:59 AM,45.0841735,0.5179487,115.125641,28.9410256,0,756.5730769,70.925641,88.8179487
01/24/2022 10:00:00 AM,01/24/2022 10:59:59 AM,51.6283607,0.7025641,217.0205128,31.1230769,0,756.475,64.9538462,286.0487179
01/24/2022 11:00:00 AM,01/24/2022 11:59:59 AM,85.5966326,0.9447368,201.7868421,32.6394737,0,756.2368421,60.931579,712.7552632
01/24/2022 01:00:00 PM,01/24/2022 01:59:59 PM,86.2817212,1.1026316,213.2368421,32.8342105,0,755.1789474,60.4736842,697.9473684
01/24/2022 02:00:00 PM,01/24/2022 02:59:59 PM,97.1529675,1.1447368,210.7131579,32.6131579,0,754.6539474,59.7578947,583.8789474
01/24/2022 04:00:00 PM,01/24/2022 04:59:59 PM,70.9918115,1.3615385,295.925641,31.074359,0,754.25,60.6871795,114.0846154
01/24/2022 05:00:00 PM,01/24/2022 05:59:59 PM,84.922392,1.6157895,306.4657895,28.9368421,0,754.5888158,66.7631579,40.15
01/24/2022 06:00:00 PM,01/24/2022 06:59:59 PM,73.0257463,1.9230769,312.5410256,27.1461539,0,755.0096154,74.4410256,0.7487179
01/24/2022 07:00:00 PM,01/24/2022 07:59:59 PM,44.4436282,1.8615385,313.9153846,26.3025641,0,755.3807692,75.874359,0
01/24/2022 08:00:00 PM,01/24/2022 08:59:59 PM,39.6072231,1.3131579,315.5105263,25.7947368,0,755.8263158,76.5236842,0
01/24/2022 09:00:00 PM,01/24/2022 09:59:59 PM,51.3293765,1.1578947,309.9,25.4578947,0,756.1875,77.2605263,0
01/24/2022 10:00:00 PM,01/24/2022 10:59:59 PM,37.7826717,1.2128205,309.2923077,25.1974359,0,756.2846154,77.3794872,0
01/24/2022 11:00:00 PM,01/24/2022 11:59:59 PM,35.2618285,1.3666667,319.4948718,25.0076923,0,756.0403846,78.0564103,0
01/25/2022 12:00:00 AM,01/25/2022 12:59:59 AM,49.1909351,0.6410256,237.6230769,24.0461539,0,755.6365385,81.6102564,0
01/25/2022 01:00:00 AM,01/25/2022 01:59:59 AM,25.5540282,0.5405405,203.3763158,23.65,0,755.1552632,84.35,0
01/25/2022 02:00:00 AM,01/25/2022 02:59:59 AM,33.2344869,0.8871795,320.2410256,24.0923077,0,754.9557692,87.4410256,0
01/25/2022 03:00:00 AM,01/25/2022 03:59:59 AM,26.9924779,0.1307692,38.4102564,23.4230769,0,754.9923077,90.448718,0
01/25/2022 04:00:00 AM,01/25/2022 04:59:59 AM,22.0605627,0.0837838,13.5891892,22.8972973,0,755.0777027,93.227027,0
01/25/2022 05:00:00 AM,01/25/2022 05:59:59 AM,28.0436803,0.3358974,15.2051282,22.4564103,0,755.4730769,93.6435897,0
01/25/2022 06:00:00 AM,01/25/2022 06:59:59 AM,27.3783085,0.5692308,110.2871795,22.3230769,0,755.8653846,95.1923077,7.4179487
01/25/2022 07:00:00 AM,01/25/2022 07:59:59 AM,29.8450163,0.5552632,269.8578947,23.8710526,0,756.5328947,92.2947368,45.5973684
01/25/2022 08:00:00 AM,01/25/2022 08:59:59 AM,37.3353164,0.4333333,175.5538462,26.9692308,0,757.1557692,77.2153846,60.3692308
01/25/2022 09:00:00 AM,01/25/2022 09:59:59 AM,40.2312028,0.5179487,120.1897436,29.3974359,0,757.2923077,64.8384615,82.5871795
01/25/2022 10:00:00 AM,01/25/2022 10:59:59 AM,45.6616885,0.4394737,126.0947368,31.7236842,0,757.2236842,56.9868421,283.4868421
01/25/2022 11:00:00 AM,01/25/2022 11:59:59 AM,44.2963773,1.2368421,200.2078947,32.5324324,0,756.9986842,57.4947368,744.5526316
01/25/2022 12:00:00 PM,01/25/2022 12:59:59 PM,101.8231636,1.0692308,216.8948718,32.3230769,0,756.6,58.9236842,767.2487179
01/25/2022 01:00:00 PM,01/25/2022 01:59:59 PM,74.0331057,1.2153846,216.074359,33.0410256,0,756.0788462,57.1076923,708.774359
01/25/2022 02:00:00 PM,01/25/2022 02:59:59 PM,83.9375436,1.3702703,211.4447368,32.6973684,0.0189474,755.4710526,57.25,594.9973684
01/25/2022 03:00:00 PM,01/25/2022 03:59:59 PM,84.3394898,0.7846154,240.0282051,33.0692308,0,755.0153846,56.1538462,360.8538462
01/25/2022 04:00:00 PM,01/25/2022 04:59:59 PM,71.3059371,0.7205128,261.1820513,31.7384615,0,754.9192308,59.4384615,117.8153846
01/25/2022 05:00:00 PM,01/25/2022 05:59:59 PM,62.0396655,0.8236842,295.1078947,29.7078947,0,755.1335526,66.8342105,38.2447368
01/25/2022 06:00:00 PM,01/25/2022 06:59:59 PM,88.5893721,1.55,310.2921053,27.4552632,0,755.5203947,76.2552632,0.2
01/25/2022 07:00:00 PM,01/25/2022 07:59:59 PM,54.9829912,1.3769231,313.1717949,26.4615385,0,756.125,79.8230769,0
01/25/2022 08:00:00 PM,01/25/2022 08:59:59 PM,40.2756321,1.5315789,314.5184211,26.1394737,0,756.6809211,81.1236842,0
01/25/2022 09:00:00 PM,01/25/2022 09:59:59 PM,37.8741212,1.025641,327.3358974,25.5,0,757.0384615,84.2,0
01/25/2022 10:00:00 PM,01/25/2022 10:59:59 PM,63.567209,0.6589744,291.5205128,25.0076923,0,757.1923077,86.1128205,0
01/25/2022 11:00:00 PM,01/25/2022 11:59:59 PM,38.7954751,0.5421053,257.9368421,24.8078947,0,756.9375,87.1052632,0
01/26/2022 12:00:00 AM,01/26/2022 12:59:59 AM,36.7109565,0.35,154.5575,24.255,0,756.721875,89.5475,0
01/26/2022 01:00:00 AM,01/26/2022 01:59:59 AM,37.637063,0.2894737,92.3131579,23.8789474,0,756.4559211,90.8526316,0
01/26/2022 02:00:00 AM,01/26/2022 02:59:59 AM,24.9369753,0.0921053,5.5947368,23.2710526,0,756.0473684,92.4789474,0
01/26/2022 03:00:00 AM,01/26/2022 03:59:59 AM,29.4739529,0.1358974,31.9512821,22.9025641,0,755.9307692,93.7333333,0
01/26/2022 04:00:00 AM,01/26/2022 04:59:59 AM,27.7089905,0.4282051,77.1051282,22.625641,0,756.0807692,94.6051282,0
01/26/2022 05:00:00 AM,01/26/2022 05:59:59 AM,23.2413685,0.3184211,5.0789474,22.5289474,0,756.4756579,95.5710526,0
01/26/2022 06:00:00 AM,01/26/2022 06:59:59 AM,26.5762548,0.3538462,28.3769231,22.925641,0,756.8288462,95.9846154,8.1974359
01/26/2022 07:00:00 AM,01/26/2022 07:59:59 AM,45.0608287,0.3512821,50.3692308,24.9025641,0,757.4076923,92.0153846,52.1179487
01/26/2022 08:00:00 AM,01/26/2022 08:59:59 AM,57.0367178,0.5473684,73.9684211,27.581579,0,757.9756579,81.4605263,71.8052632
01/26/2022 09:00:00 AM,01/26/2022 09:59:59 AM,68.4647378,0.5868421,87.7342105,29.5736842,0,758.1513158,73.25,116.4631579
01/26/2022 10:00:00 AM,01/26/2022 10:59:59 AM,93.9650855,0.5974359,77.4615385,31.5384615,0,757.9211538,64.9615385,289.5794872
01/26/2022 11:00:00 AM,01/26/2022 11:59:59 AM,66.5944615,0.6615385,132.2846154,33.4794872,0,757.4576923,58.5871795,614.9564103
01/26/2022 12:00:00 PM,01/26/2022 12:59:59 PM,81.3569339,1.1289474,210.1526316,30.881579,0,756.8309211,72.3763158,399.05
01/26/2022 01:00:00 PM,01/26/2022 01:59:59 PM,82.5144687,1.125641,212.2128205,31.7589744,0,756.2173077,67.7666667,629.6846154
01/26/2022 02:00:00 PM,01/26/2022 02:59:59 PM,70.5000751,0.9820513,215.0076923,30.5846154,0,755.6115385,69.0384615,261.5076923
01/26/2022 03:00:00 PM,01/26/2022 03:59:59 PM,95.3329543,0.75,239.5184211,30.881579,0,755.3371622,66.9210526,221.5447368
01/26/2022 04:00:00 PM,01/26/2022 04:59:59 PM,78.9046317,0.75,265.1894737,31.1026316,0,755.3092105,65.3236842,150.8736842
01/26/2022 05:00:00 PM,01/26/2022 05:59:59 PM,76.5964158,1.2769231,290.2205128,29.2692308,0,755.4711538,69.9358974,48.5923077
01/26/2022 06:00:00 PM,01/26/2022 06:59:59 PM,70.9228989,1.7923077,310.5717949,27.2871795,0,755.8634615,77.2051282,0.6102564
01/26/2022 07:00:00 PM,01/26/2022 07:59:59 PM,56.3679899,1.5973684,310.4710526,26.6131579,0,756.4756579,79.7289474,0
01/26/2022 08:00:00 PM,01/26/2022 08:59:59 PM,38.2798632,1.5948718,313.5358974,26.1820513,0,756.9788462,80.7102564,0
01/26/2022 09:00:00 PM,01/26/2022 09:59:59 PM,34.7344272,1.274359,321.9025641,25.7333333,0,757.3038462,80.8,0
01/26/2022 10:00:00 PM,01/26/2022 10:59:59 PM,36.4967797,1.6947368,312.3447368,25.5552632,0,757.3519737,81.0078947,0
01/26/2022 11:00:00 PM,01/26/2022 11:59:59 PM,28.7342266,2.0657895,308.3394737,25.4605263,0,757.0815789,83.5210526,0
01/27/2022 12:00:00 AM,01/27/2022 12:59:59 AM,23.6169951,2.1,308.2461538,25.4,0,756.8826923,83.4025641,0
01/27/2022 01:00:00 AM,01/27/2022 01:59:59 AM,23.6917185,1.9384615,311.5846154,25.2435897,0,756.5711538,84.6051282,0
01/27/2022 02:00:00 AM,01/27/2022 02:59:59 AM,20.5749042,1.3447368,309.8631579,25.1657895,0,756.2348684,85.9526316,0
01/27/2022 03:00:00 AM,01/27/2022 03:59:59 AM,26.9897199,0.8487179,312.4051282,25.1,0,755.9653846,87.3128205,0
01/27/2022 04:00:00 AM,01/27/2022 04:59:59 AM,34.0140304,0.7128205,308.374359,24.9974359,0,756.1211538,87.8897436,0
01/27/2022 05:00:00 AM,01/27/2022 05:59:59 AM,32.3656785,0.3263158,81.1,24.1368421,0,756.5289474,90.4947368,0
01/27/2022 06:00:00 AM,01/27/2022 06:59:59 AM,48.0298338,0.5710526,35.0210526,23.1421053,0,756.8861842,93.7789474,7.2026316
01/27/2022 07:00:00 AM,01/27/2022 07:59:59 AM,41.2047704,0.2897436,96.6102564,24.374359,0,757.5519231,91.2589744,53.2435897
01/27/2022 08:00:00 AM,01/27/2022 08:59:59 AM,48.3656956,0.5342105,165.1236842,26.6289474,0,758.2697368,82.9842105,75.6710526
01/27/2022 09:00:00 AM,01/27/2022 09:59:59 AM,44.1164171,0.5666667,162.1820513,28.5794872,0,758.3019231,74.525641,101.6538462
01/27/2022 10:00:00 AM,01/27/2022 10:59:59 AM,39.520487,0.4230769,131.3769231,31.2923077,0,758.2096154,64.2461539,321.9538462
01/27/2022 11:00:00 AM,01/27/2022 11:59:59 AM,51.2577228,0.9921053,212.6342105,32.15,0,757.9401316,64.2394737,620.2921053
01/27/2022 01:00:00 PM,01/27/2022 01:59:59 PM,78.1035911,1.0461538,213.225641,32.7461539,0,757.0461538,60.8897436,659.9820513
01/27/2022 02:00:00 PM,01/27/2022 02:59:59 PM,86.529853,1.0641026,216.7948718,33.4923077,0,756.4365385,57.8435897,593.0307692
01/27/2022 03:00:00 PM,01/27/2022 03:59:59 PM,105.2141077,0.8945946,270.3789474,33.4289474,0,756.0809211,55.2526316,380.2157895
01/27/2022 04:00:00 PM,01/27/2022 04:59:59 PM,69.2521083,0.925641,285.4435897,31.9820513,0,755.9384615,58.0974359,142.0051282
01/27/2022 05:00:00 PM,01/27/2022 05:59:59 PM,70.747501,1.4846154,295.5487179,29.6307692,0,756.1288462,67.8102564,44.9205128
01/27/2022 06:00:00 PM,01/27/2022 06:59:59 PM,72.1268838,2.2,309.2756757,27.427027,0,756.4885135,75.527027,0.6864865
01/27/2022 07:00:00 PM,01/27/2022 07:59:59 PM,43.6977305,1.8794872,312.325641,26.5974359,0,756.8211538,78.9,0
01/27/2022 08:00:00 PM,01/27/2022 08:59:59 PM,33.9719599,2.0871795,310.1307692,26.2025641,0,757.3096154,81.8384615,0
01/27/2022 09:00:00 PM,01/27/2022 09:59:59 PM,28.9637298,1.7076923,317.9128205,25.8128205,0,757.7269231,82.2153846,0
01/27/2022 10:00:00 PM,01/27/2022 10:59:59 PM,29.5289148,0.9315789,330.7578947,25.4631579,0,757.9085526,83.1842105,0
01/27/2022 11:00:00 PM,01/27/2022 11:59:59 PM,44.4283592,0.7076923,311.9128205,24.9692308,0,757.6096154,85.5948718,0
01/28/2022 12:00:00 AM,01/28/2022 12:59:59 AM,40.0560655,0.5538462,267.5794872,24.4410256,0,757.2519231,87.8358974,0
01/28/2022 01:00:00 AM,01/28/2022 01:59:59 AM,63.7897681,1.0421053,316.7026316,24.1921053,0,756.8881579,88.9868421,0
01/28/2022 03:00:00 AM,01/28/2022 03:59:59 AM,76.1836516,0.7564103,327.9512821,24.0282051,0,756.1653846,91.5153846,0
01/28/2022 04:00:00 AM,01/28/2022 04:59:59 AM,70.5972622,0.3026316,67.5105263,23.7657895,0,756.225,92.881579,0
01/28/2022 05:00:00 AM,01/28/2022 05:59:59 AM,28.9641787,0.2051282,28.7230769,23.1230769,0,756.5115385,94.9871795,0
01/28/2022 06:00:00 AM,01/28/2022 06:59:59 AM,48.1509773,0.4487179,80.0564103,22.8512821,0,756.8884615,95.7358974,7.6461538
01/28/2022 07:00:00 AM,01/28/2022 07:59:59 AM,38.6184967,0.3342105,59.0421053,24.25,0,757.5157895,93.3631579,46.2289474
01/28/2022 08:00:00 AM,01/28/2022 08:59:59 AM,34.3235199,0.2736842,53.1131579,26.9,0,758.1769737,81.4789474,66.8657895
01/28/2022 09:00:00 AM,01/28/2022 09:59:59 AM,58.1598193,0.425641,96.4384615,29.425641,0,758.5865385,70.9282051,111.4
01/28/2022 10:00:00 AM,01/28/2022 10:59:59 AM,55.2436963,0.6179487,125.3589744,30.9307692,0,758.5288462,66.7820513,286.7769231
01/28/2022 11:00:00 AM,01/28/2022 11:59:59 AM,78.6064077,0.9552632,203.7263158,30.65,0,758.1493421,69.1868421,441.6684211
01/28/2022 12:00:00 PM,01/28/2022 12:59:59 PM,87.7855381,1.1051282,207.3230769,31.6615385,0,757.6615385,65.3846154,679.1897436
01/28/2022 01:00:00 PM,01/28/2022 01:59:59 PM,76.0908164,1.2,191.3435897,32.3,0,757.0923077,62.2102564,716.4410256
01/28/2022 02:00:00 PM,01/28/2022 02:59:59 PM,85.7748618,1.0447368,214.4921053,32.1763158,0,756.4973684,61.8131579,593.6526316
01/28/2022 03:00:00 PM,01/28/2022 03:59:59 PM,77.7933157,0.8868421,247.5236842,32.2578947,0,756.1263158,61.2710526,387.0684211
01/28/2022 04:00:00 PM,01/28/2022 04:59:59 PM,74.8967477,0.9820513,282.6051282,31.025641,0,756.1038462,64.6615385,138.8333333
01/28/2022 05:00:00 PM,01/28/2022 05:59:59 PM,71.5765506,1.2230769,299.3307692,29.0923077,0,756.3711538,70.048718,51.0461539
01/28/2022 06:00:00 PM,01/28/2022 06:59:59 PM,67.8704008,1.5789474,309.2315789,27.0184211,0,756.7164474,78.681579,0.8473684
01/28/2022 07:00:00 PM,01/28/2022 07:59:59 PM,39.5900117,2,313.1923077,26.1794872,0,757.0788462,83.1384615,0
01/28/2022 08:00:00 PM,01/28/2022 08:59:59 PM,25.6600139,1.9333333,311.4692308,25.9923077,0,757.7153846,84.4282051,0
01/28/2022 09:00:00 PM,01/28/2022 09:59:59 PM,22.659102,2.1210526,313.05,25.8973684,0,758.2618421,84.7921053,0
01/28/2022 10:00:00 PM,01/28/2022 10:59:59 PM,21.6159962,1.55,313.9526316,25.5578947,0,758.4532895,85.4605263,0
01/28/2022 11:00:00 PM,01/28/2022 11:59:59 PM,23.6897482,1.8717949,310.4769231,25.3820513,0,758.1961538,85.6205128,0
01/29/2022 12:00:00 AM,01/29/2022 12:59:59 AM,20.6991175,1.9897436,312.8307692,25.2128205,0,757.8692308,85.3538462,0
01/29/2022 01:00:00 AM,01/29/2022 01:59:59 AM,20.6338764,1.4184211,317.5289474,24.9736842,0,757.4822368,85.9868421,0
01/29/2022 02:00:00 AM,01/29/2022 02:59:59 AM,20.13773,0.95,320.0717949,24.648718,0,757.2326923,87.4307692,0
01/29/2022 03:00:00 AM,01/29/2022 03:59:59 AM,21.6564591,0.1025641,72.6307692,24.5,0,757.2653846,88.248718,0
01/29/2022 04:00:00 AM,01/29/2022 04:59:59 AM,23.7230463,0.45,221.9657895,24.7105263,0,757.3539474,86.9947368,0
01/29/2022 05:00:00 AM,01/29/2022 05:59:59 AM,30.312059,1.4815789,312.3736842,24.9,0,757.5177632,85.2447368,0
01/29/2022 06:00:00 AM,01/29/2022 06:59:59 AM,26.0930666,1.5692308,311.9307692,24.9025641,0,758.0403846,85.9564103,6.9461538
01/29/2022 07:00:00 AM,01/29/2022 07:59:59 AM,26.9965489,1.2102564,302.6615385,25.6282051,0,758.8596154,84.3333333,58.9871795
01/29/2022 08:00:00 AM,01/29/2022 08:59:59 AM,46.4368471,1.9763158,304.7368421,27.2184211,0,759.5447368,77.5578947,119.6052632
01/29/2022 09:00:00 AM,01/29/2022 09:59:59 AM,58.8703612,2.7974359,308.7205128,28.7897436,0,759.9269231,66.874359,221.1102564
01/29/2022 10:00:00 AM,01/29/2022 10:59:59 AM,73.9491632,2.2794872,302.5307692,30.5512821,0,760.0038462,60.8358974,566.1025641
01/29/2022 12:00:00 PM,01/29/2022 12:59:59 PM,97.3524851,2.3526316,309.6,31.8078947,0,759.0690789,52.6447368,756.8210526
01/29/2022 01:00:00 PM,01/29/2022 01:59:59 PM,59.4042661,2.0615385,309.2487179,32.4769231,0,758.2596154,48.1794872,734.6205128
01/29/2022 02:00:00 PM,01/29/2022 02:59:59 PM,44.627905,1.4051282,287.6282051,33.4051282,0,757.3326923,45.9307692,624.9282051
01/29/2022 03:00:00 PM,01/29/2022 03:59:59 PM,46.4223639,1.0421053,275.1421053,32.6868421,0,756.9809211,49.6763158,441.0526316
01/29/2022 04:00:00 PM,01/29/2022 04:59:59 PM,66.639241,1.1948718,275.4641026,30.3564103,0,757.0423077,58.1025641,135.2974359
01/29/2022 05:00:00 PM,01/29/2022 05:59:59 PM,55.8903949,1.4051282,298.5435897,28.3205128,0,757.3307692,64.0307692,59.2076923
01/29/2022 06:00:00 PM,01/29/2022 06:59:59 PM,49.1153221,1.9461538,307.2923077,26.5179487,0,757.5942308,71.7410256,0.8102564
01/29/2022 07:00:00 PM,01/29/2022 07:59:59 PM,27.9712202,2.0157895,310.05,25.7473684,0,758.0644737,76.7210526,0
01/29/2022 08:00:00 PM,01/29/2022 08:59:59 PM,20.2828421,1.3105263,310.1578947,25.4578947,0,758.5302632,79.2447368,0
01/29/2022 09:00:00 PM,01/29/2022 09:59:59 PM,33.8960773,1.2717949,310.4282051,25.1692308,0,758.9346154,82.7923077,0
01/29/2022 10:00:00 PM,01/29/2022 10:59:59 PM,30.8555245,1.0564103,310.5871795,24.9102564,0,759.1461538,83.3666667,0
01/29/2022 11:00:00 PM,01/29/2022 11:59:59 PM,27.5606617,1.1184211,311.0447368,24.6657895,0,758.9664474,84.1631579,0
01/30/2022 12:00:00 AM,01/30/2022 12:59:59 AM,25.6723965,0.8846154,312.9435897,24.3205128,0,758.5173077,85.1846154,0
01/30/2022 01:00:00 AM,01/30/2022 01:59:59 AM,24.5745179,0.8435897,312.9846154,23.8589744,0,757.9673077,86.8717949,0
01/30/2022 02:00:00 AM,01/30/2022 02:59:59 AM,24.0527929,0.8236842,307.4368421,24.1684211,0,757.4151316,86.3526316,0
01/30/2022 03:00:00 AM,01/30/2022 03:59:59 AM,21.6345701,1.5131579,312.2,24.5894737,0,757.2611842,84.5842105,0
01/30/2022 04:00:00 AM,01/30/2022 04:59:59 AM,16.4348639,1.1435897,310.6153846,24.625641,0,757.4173077,82.5410256,0
01/30/2022 05:00:00 AM,01/30/2022 05:59:59 AM,19.8743397,1.1641026,311.4102564,24.5051282,0,757.8384615,84.1641026,0
01/30/2022 06:00:00 AM,01/30/2022 06:59:59 AM,20.5121488,0.9631579,312.9815789,24.6289474,0,758.4256579,83.8394737,5.1710526
01/30/2022 07:00:00 AM,01/30/2022 07:59:59 AM,22.7740781,1.2846154,309.3641026,25.8307692,0,759.0057692,79.9076923,63.5128205
01/30/2022 08:00:00 AM,01/30/2022 08:59:59 AM,27.246026,1.8410256,305.2461538,27.7384615,0,759.6442308,71.7641026,117.0512821
01/30/2022 09:00:00 AM,01/30/2022 09:59:59 AM,34.4577489,2.2243243,309.2945946,29.2702703,0,759.9790541,62.6108108,182.1405405
01/30/2022 10:00:00 AM,01/30/2022 10:59:59 AM,47.6569062,2.5461538,305.9974359,30.2153846,0,759.95,59.4230769,552.6282051
01/30/2022 11:00:00 AM,01/30/2022 11:59:59 AM,55.1311283,1.9615385,302.7589744,31.2102564,0,759.5307692,57.9461539,588.7871795
01/30/2022 12:00:00 PM,01/30/2022 12:59:59 PM,51.6179327,1.8815789,305.1763158,32.1184211,0,758.8085526,53.4605263,684.8184211
01/30/2022 01:00:00 PM,01/30/2022 01:59:59 PM,34.9865013,1.7358974,292.1923077,33.2923077,0,758.0576923,48.2384615,747.2641026
01/30/2022 02:00:00 PM,01/30/2022 02:59:59 PM,59.1778258,1.5230769,292.5179487,33.6025641,0,757.3788462,46.1282051,626.7820513
01/30/2022 03:00:00 PM,01/30/2022 03:59:59 PM,54.518565,1.4131579,280.6947368,32.2789474,0,757.0361842,50.2868421,438.5368421
01/30/2022 04:00:00 PM,01/30/2022 04:59:59 PM,46.2817185,1.4763158,291.5447368,30.7421053,0,756.9967105,54.4605263,127.3684211
01/30/2022 05:00:00 PM,01/30/2022 05:59:59 PM,43.2557076,1.7,304.5512821,28.8820513,0,757.225,58.7974359,61.5948718
01/30/2022 06:00:00 PM,01/30/2022 06:59:59 PM,32.1709607,1.5820513,303.7487179,26.9410256,0,757.6326923,67.1435897,1.0666667
01/30/2022 07:00:00 PM,01/30/2022 07:59:59 PM,26.7753353,1.6105263,306.3342105,25.9973684,0,758.3111842,74.1973684,0
01/30/2022 08:00:00 PM,01/30/2022 08:59:59 PM,22.9540135,1.6589744,307.6641026,25.5820513,0,758.8442308,76.6717949,0
01/30/2022 09:00:00 PM,01/30/2022 09:59:59 PM,23.2610654,1.4076923,306.8717949,25.3025641,0,759.1596154,78.7897436,0
01/30/2022 10:00:00 PM,01/30/2022 10:59:59 PM,21.9934901,1.3368421,305.6842105,25.0552632,0,759.0907895,80.1394737,0
01/30/2022 11:00:00 PM,01/30/2022 11:59:59 PM,20.4317112,1.1842105,312.6657895,24.9026316,0,758.9013158,81.5078947,0
01/31/2022 12:00:00 AM,01/31/2022 12:59:59 AM,15.517355,1.2076923,312.7384615,24.8435897,0,758.5,83.2666667,0
01/31/2022 01:00:00 AM,01/31/2022 01:59:59 AM,22.0912632,0.9307692,308.1051282,24.6897436,0,757.9788462,84.7538462,0
01/31/2022 02:00:00 AM,01/31/2022 02:59:59 AM,26.8422199,0.8,313.8184211,24.5447368,0,757.5157895,85.7605263,0
01/31/2022 03:00:00 AM,01/31/2022 03:59:59 AM,29.2519776,0.5333333,305.7564103,24.2794872,0,757.2403846,88.0128205,0
01/31/2022 04:00:00 AM,01/31/2022 04:59:59 AM,40.3769083,0.5615385,229.6897436,23.9692308,0,757.3230769,88.5692308,0
01/31/2022 05:00:00 AM,01/31/2022 05:59:59 AM,20.4808429,0.4657895,262.3236842,23.8157895,0,757.5967105,90.5157895,0
01/31/2022 06:00:00 AM,01/31/2022 06:59:59 AM,33.3224055,0.5315789,215.9210526,23.9657895,0,758.0407895,89.5684211,7.6842105
01/31/2022 07:00:00 AM,01/31/2022 07:59:59 AM,37.3946263,0.3282051,125.3769231,24.4769231,0,758.6673077,89.2512821,53.8589744
01/31/2022 08:00:00 AM,01/31/2022 08:59:59 AM,62.3227916,1.1435897,319.5871795,27.1282051,0,759.1980769,79.7025641,76.0179487
01/31/2022 09:00:00 AM,01/31/2022 09:59:59 AM,31.0677324,0.5921053,216.8184211,29.0447368,0,759.2092105,69.6657895,92.8210526
01/31/2022 10:00:00 AM,01/31/2022 10:59:59 AM,35.6808207,0.874359,185.8025641,30.8,0,758.8461538,65.0538462,401.3769231
01/31/2022 11:00:00 AM,01/31/2022 11:59:59 AM,79.4655854,1.1025641,202.6538462,31.8230769,0,758.3846154,61.2307692,770.9487179
01/31/2022 12:00:00 PM,01/31/2022 12:59:59 PM,80.7901083,1.2815789,205.5552632,31.9789474,0,757.7210526,61.5605263,743.1184211
01/31/2022 01:00:00 PM,01/31/2022 01:59:59 PM,68.5682899,1.2473684,208.6921053,31.5368421,0,757.1013158,61.2421053,572.1315789
01/31/2022 02:00:00 PM,01/31/2022 02:59:59 PM,65.5770278,1.2384615,219.7282051,31.8666667,0,756.4211538,59.8205128,599.6538462
01/31/2022 03:00:00 PM,01/31/2022 03:59:59 PM,69.3456608,0.9564103,252.9641026,31.8589744,0,755.9769231,60.0051282,420.9358974
01/31/2022 04:00:00 PM,01/31/2022 04:59:59 PM,49.7684973,1.2105263,285.2631579,30.2763158,0,755.8756579,64.6236842,132.0578947
01/31/2022 05:00:00 PM,01/31/2022 05:59:59 PM,56.50588,1.5102564,296.5846154,28.6076923,0,756.0865385,68.1615385,58.6615385
01/31/2022 06:00:00 PM,01/31/2022 06:59:59 PM,49.3954036,2.1358974,307.9487179,26.6461539,0,756.7038462,76.2333333,0.9794872
01/31/2022 07:00:00 PM,01/31/2022 07:59:59 PM,27.4586329,2.1921053,308.0368421,26.1842105,0,757.3184211,78.0263158,0
01/31/2022 08:00:00 PM,01/31/2022 08:59:59 PM,18.1782883,2.0078947,314.2473684,25.9026316,0,757.9519737,78.8552632,0
01/31/2022 09:00:00 PM,01/31/2022 09:59:59 PM,20.7172831,1.6051282,317.7948718,25.6205128,0,758.3769231,81.0153846,0
01/31/2022 10:00:00 PM,01/31/2022 10:59:59 PM,22.8722907,1.5461538,313.2564103,25.4435897,0,758.3519231,81.6615385,0
01/31/2022 11:00:00 PM,01/31/2022 11:59:59 PM,19.0387769,0.9210526,308.3078947,25.3,0,757.9697368,83.2263158,0
